waste_type,sugar_content,nitrogen_content,moisture,ph,temperature,fermentation_time,waste_volume_kg,location,protein_yield
dairy_waste,10.5,4.01,71.86,6.01,22.2,50.58,340.37,Glasgow,60.17
mixed_agri_waste,26.66,4.72,45.04,8.46,33.58,63.38,17.0,Manchester,58.78
fruit_waste,20.74,2.3,47.1,8.38,25.12,19.61,622.2,Leeds,47.41
fruit_waste,30.8,3.56,65.27,4.06,40.73,59.32,391.56,Birmingham,65.85
vegetable_waste,11.93,1.58,75.75,6.74,38.33,26.56,397.15,Glasgow,40.99
vegetable_waste,10.55,4.86,79.88,8.23,39.69,62.22,922.66,London,47.89
dairy_waste,33.84,4.3,78.63,6.43,32.91,93.08,610.96,Leeds,79.68
mixed_agri_waste,5.47,2.41,62.77,5.32,20.31,28.7,714.23,Leeds,34.41
brewery_waste,23.18,4.67,74.3,8.12,38.7,49.75,104.46,Leeds,78.27
mixed_agri_waste,22.74,1.74,70.26,5.72,41.38,83.31,724.51,Birmingham,49.42
brewery_waste,26.32,1.0,64.77,4.91,39.71,51.93,567.64,Leeds,55.09
mixed_agri_waste,11.09,4.74,71.95,7.13,39.37,64.45,302.68,Birmingham,58.72
mixed_agri_waste,29.11,1.34,85.17,6.43,37.76,87.27,324.82,London,54.94
fruit_waste,15.58,1.87,52.41,6.4,30.67,70.16,276.72,London,57.8
brewery_waste,17.12,0.79,56.43,5.11,35.32,71.83,156.61,Leeds,54.64
mixed_agri_waste,24.03,3.56,68.89,6.02,32.16,61.79,90.04,Leeds,66.45
brewery_waste,26.85,2.16,73.45,6.85,31.79,19.58,836.95,Leeds,65.34
mixed_agri_waste,22.73,3.55,45.75,6.3,24.98,66.19,182.62,Birmingham,57.08
fruit_waste,30.13,3.54,78.08,4.94,31.91,70.45,236.26,Manchester,69.73
fruit_waste,21.75,4.47,53.49,5.25,35.41,83.12,857.76,London,74.11
fruit_waste,7.52,1.23,85.43,6.73,20.2,20.52,666.87,London,43.17
mixed_agri_waste,10.28,0.58,67.23,4.8,28.06,74.51,723.73,Leeds,40.84
fruit_waste,20.26,3.36,56.27,6.65,41.54,52.89,907.04,London,56.41
fruit_waste,25.07,4.39,55.36,6.25,32.58,76.56,53.17,London,77.59
dairy_waste,19.1,1.76,84.76,7.36,40.97,39.78,557.24,London,48.06
dairy_waste,16.55,4.33,59.26,4.76,32.25,90.64,699.07,Glasgow,68.05
vegetable_waste,12.62,1.83,59.51,7.82,23.01,71.55,557.29,Manchester,37.54
vegetable_waste,23.35,0.87,45.23,6.83,24.27,17.96,402.82,Leeds,33.1
dairy_waste,15.14,2.19,49.23,6.6,20.79,51.11,547.22,Birmingham,50.72
fruit_waste,6.17,1.86,69.17,5.47,38.21,34.81,965.6,London,41.52
dairy_waste,10.83,2.35,76.48,4.62,22.92,93.44,717.45,Glasgow,49.21
brewery_waste,27.32,1.63,53.3,4.36,29.42,69.83,67.61,London,61.75
vegetable_waste,18.27,1.58,49.22,4.82,40.56,65.61,521.53,Leeds,38.28
mixed_agri_waste,12.43,2.1,79.1,4.06,22.55,15.86,50.32,Birmingham,41.32
dairy_waste,19.23,0.94,67.12,6.13,23.81,48.44,404.52,Glasgow,54.74
vegetable_waste,16.24,3.32,67.64,7.85,34.49,25.69,79.86,London,51.67
vegetable_waste,31.02,3.36,81.04,7.05,32.61,22.79,813.09,Leeds,59.17
fruit_waste,24.54,1.43,57.33,4.97,28.3,15.27,622.07,Leeds,54.87
fruit_waste,14.57,4.3,46.05,7.67,26.2,21.93,699.77,Manchester,59.66
dairy_waste,29.1,1.77,52.98,7.38,37.75,95.2,418.49,Leeds,60.6
vegetable_waste,28.29,2.03,86.88,7.86,29.44,75.07,757.0,Leeds,55.21
mixed_agri_waste,8.0,0.74,88.13,7.81,27.81,92.37,680.0,Birmingham,37.32
dairy_waste,19.79,0.87,49.13,6.71,32.18,29.87,946.73,Birmingham,47.72
mixed_agri_waste,34.23,4.98,47.51,7.32,32.01,71.29,968.97,Manchester,73.38
fruit_waste,30.11,4.4,82.73,5.92,24.9,45.32,892.98,Manchester,75.4
brewery_waste,16.12,4.16,87.63,8.44,36.57,43.61,92.67,Glasgow,59.86
mixed_agri_waste,21.75,2.41,85.79,4.5,30.84,12.95,473.97,London,47.77
fruit_waste,22.5,4.83,61.87,5.29,39.11,30.78,963.59,Birmingham,66.8
dairy_waste,34.1,0.69,85.1,6.37,41.85,18.2,558.32,Glasgow,51.69
fruit_waste,25.87,2.55,73.24,6.63,39.83,15.82,288.15,Leeds,61.54
dairy_waste,15.07,1.26,74.11,5.75,25.05,34.34,366.74,London,45.87
fruit_waste,14.29,4.16,75.81,4.73,40.04,81.09,950.3,Leeds,58.92
mixed_agri_waste,17.55,4.7,83.97,4.2,20.58,43.62,812.45,Leeds,46.4
brewery_waste,22.07,0.79,46.66,4.6,20.3,18.33,694.8,Birmingham,46.53
mixed_agri_waste,34.9,3.0,79.6,8.25,38.69,32.78,456.04,Glasgow,51.17
fruit_waste,15.74,1.01,75.22,6.34,36.99,55.69,853.66,Manchester,54.32
dairy_waste,7.65,4.06,71.55,6.16,29.25,77.91,642.97,Glasgow,65.81
vegetable_waste,24.1,3.0,49.1,7.27,32.04,49.88,911.37,Manchester,53.72
vegetable_waste,25.93,4.08,65.67,7.79,36.92,17.56,55.4,Birmingham,49.47
brewery_waste,12.2,0.84,50.8,4.58,23.34,23.66,644.47,Birmingham,42.83
dairy_waste,31.9,2.63,75.04,4.78,24.23,15.43,177.25,Leeds,55.16
mixed_agri_waste,21.03,2.1,85.24,4.58,27.26,39.01,101.37,Leeds,44.31
fruit_waste,32.63,0.77,57.46,7.63,36.46,27.5,217.26,Birmingham,52.53
vegetable_waste,16.07,2.58,78.64,4.17,25.55,71.92,896.25,London,37.88
brewery_waste,8.22,2.51,68.97,5.09,25.92,43.69,29.87,London,51.83
vegetable_waste,12.0,2.04,66.33,5.6,34.27,52.28,588.36,London,43.82
vegetable_waste,21.93,2.2,60.19,8.05,33.37,32.53,503.27,Leeds,47.12
mixed_agri_waste,9.59,1.61,52.23,4.84,26.27,26.56,897.8,Glasgow,35.69
brewery_waste,5.55,3.64,89.88,8.03,32.67,89.06,15.25,Birmingham,62.29
brewery_waste,26.55,2.91,66.45,7.77,24.51,93.31,713.84,Leeds,73.11
dairy_waste,27.09,2.88,76.83,7.46,21.92,54.51,932.69,Leeds,61.79
vegetable_waste,21.46,2.97,54.08,7.08,21.93,23.66,12.68,Manchester,40.71
fruit_waste,19.19,3.23,80.74,4.48,38.72,74.66,414.43,Birmingham,59.06
fruit_waste,30.25,1.13,80.79,4.91,23.6,25.8,816.43,London,48.13
brewery_waste,32.24,1.92,71.47,7.07,29.94,71.96,900.67,Manchester,77.36
fruit_waste,15.66,2.26,68.93,4.3,25.04,57.6,437.21,Leeds,58.62
brewery_waste,15.05,1.13,80.73,6.79,31.74,87.09,790.71,Birmingham,60.24
mixed_agri_waste,27.32,0.65,70.65,7.43,39.29,40.73,823.04,Birmingham,42.29
dairy_waste,8.82,2.29,80.88,4.67,25.04,72.67,722.84,Glasgow,51.52
dairy_waste,12.55,2.06,53.17,8.09,32.83,45.67,467.39,Manchester,50.05
brewery_waste,32.36,1.13,49.54,5.15,35.97,61.81,111.19,London,62.82
fruit_waste,27.09,4.7,86.65,6.03,22.49,94.73,840.51,Birmingham,81.82
fruit_waste,31.1,2.83,71.61,5.8,21.2,40.16,804.82,Leeds,68.63
brewery_waste,18.97,2.66,86.33,6.64,20.72,88.67,255.74,Manchester,58.4
fruit_waste,17.57,4.62,61.31,6.61,33.91,13.1,666.9,London,67.31
dairy_waste,10.53,1.85,58.95,5.79,29.39,79.18,355.89,Glasgow,50.21
mixed_agri_waste,6.1,2.62,70.42,4.3,37.06,50.08,529.15,Leeds,35.7
brewery_waste,10.46,4.38,87.58,5.68,25.96,66.1,414.65,London,65.93
dairy_waste,31.01,2.34,69.83,5.14,24.31,54.46,599.1,Manchester,64.28
brewery_waste,21.7,3.74,81.24,8.45,33.27,79.78,963.02,Leeds,66.81
dairy_waste,9.23,2.33,59.58,4.39,33.93,73.82,849.65,Glasgow,54.01
fruit_waste,15.25,1.67,62.09,6.66,25.9,64.43,415.32,Glasgow,57.38
fruit_waste,30.83,1.49,88.85,7.51,22.51,59.53,985.51,Manchester,51.96
vegetable_waste,20.37,3.84,76.45,5.81,24.8,66.18,427.49,Birmingham,56.6
vegetable_waste,32.02,3.61,75.74,7.7,31.65,80.46,503.11,Manchester,62.99
vegetable_waste,11.19,0.55,51.16,8.05,39.23,62.18,604.51,London,29.6
fruit_waste,10.26,4.61,63.84,5.72,31.42,15.95,174.62,Glasgow,63.69
dairy_waste,12.36,2.25,57.99,5.6,35.82,36.96,570.74,Birmingham,51.18
vegetable_waste,19.51,1.71,69.29,4.73,38.51,83.1,955.68,Glasgow,47.73
vegetable_waste,15.33,2.08,63.58,7.17,33.16,50.61,85.17,Glasgow,43.46
vegetable_waste,5.07,4.85,45.24,4.46,26.92,79.82,962.48,Glasgow,51.21
fruit_waste,21.26,4.43,77.95,7.63,34.49,70.15,850.7,London,74.73
fruit_waste,19.68,1.5,89.45,8.25,20.87,71.27,926.0,Manchester,47.15
vegetable_waste,26.93,1.37,50.19,5.9,37.5,74.59,64.33,Glasgow,46.33
brewery_waste,20.67,3.4,74.26,5.64,32.33,52.41,886.15,Manchester,67.65
dairy_waste,21.15,3.48,78.2,6.34,29.39,85.64,423.33,Leeds,73.99
brewery_waste,34.71,0.5,53.35,5.73,40.52,17.88,19.39,Manchester,57.28
dairy_waste,28.05,2.38,63.96,7.32,25.25,21.28,361.08,Leeds,54.57
vegetable_waste,26.47,3.15,57.48,8.1,20.99,21.2,397.71,London,43.69
dairy_waste,32.11,4.95,78.45,4.29,28.83,82.38,238.26,Birmingham,79.24
brewery_waste,8.61,0.71,62.28,4.17,41.06,81.4,802.76,Glasgow,39.09
fruit_waste,22.92,2.86,56.71,6.32,30.81,95.69,898.46,Birmingham,73.24
brewery_waste,11.71,2.92,71.68,6.61,22.01,85.71,272.94,Glasgow,66.62
mixed_agri_waste,7.61,2.34,61.77,5.17,35.92,53.65,90.24,Birmingham,47.62
dairy_waste,31.83,4.96,47.77,7.97,31.35,88.15,575.61,Glasgow,78.86
mixed_agri_waste,27.02,2.85,84.07,5.1,23.46,25.47,340.67,Glasgow,57.23
mixed_agri_waste,32.9,0.98,76.45,4.85,39.4,92.75,470.82,Leeds,51.02
vegetable_waste,21.69,3.9,56.64,4.87,21.85,39.42,564.25,London,52.09
vegetable_waste,5.27,4.18,50.78,5.28,20.41,48.31,841.72,London,39.91
mixed_agri_waste,28.66,1.28,79.69,8.26,23.66,76.76,711.49,Glasgow,46.27
fruit_waste,7.24,4.34,89.56,7.04,29.81,66.4,598.45,Manchester,60.82
fruit_waste,12.58,0.5,52.15,6.11,40.77,20.58,855.67,Birmingham,39.71
mixed_agri_waste,13.95,4.28,79.78,5.04,22.89,84.92,963.6,Glasgow,50.68
vegetable_waste,26.73,3.86,54.02,7.91,35.73,59.27,476.82,London,54.49
brewery_waste,10.57,4.41,79.95,7.47,38.59,75.93,629.96,London,69.4
fruit_waste,23.22,1.61,70.13,5.01,23.54,66.73,332.67,Leeds,58.52
vegetable_waste,34.53,1.17,65.91,7.06,28.7,93.87,724.67,Birmingham,59.25
dairy_waste,6.19,2.66,49.72,5.09,41.71,23.97,503.9,Leeds,43.26
dairy_waste,15.38,3.99,87.36,4.33,31.75,86.13,91.68,London,61.56
vegetable_waste,25.68,4.1,54.01,4.75,22.3,65.46,709.41,Manchester,58.29
fruit_waste,6.56,2.94,76.91,7.92,35.71,79.35,346.06,Leeds,54.35
vegetable_waste,19.43,0.68,52.38,5.97,35.95,61.84,653.79,Manchester,46.28
fruit_waste,23.47,1.98,66.16,7.35,39.18,48.43,53.23,Glasgow,52.86
fruit_waste,24.51,1.4,75.61,4.32,20.67,33.65,468.0,Birmingham,50.8
mixed_agri_waste,27.28,2.41,60.57,5.67,41.73,15.37,868.36,Manchester,45.54
mixed_agri_waste,19.6,4.43,85.53,5.9,26.09,61.76,913.24,Manchester,67.63
dairy_waste,23.69,3.34,77.99,4.59,35.75,88.36,187.89,Birmingham,65.99
mixed_agri_waste,12.42,4.42,65.04,6.32,27.9,61.81,171.89,Leeds,59.65
brewery_waste,34.08,1.66,74.55,5.46,37.02,22.99,970.12,Leeds,62.53
brewery_waste,18.46,3.51,51.56,6.02,32.93,91.68,260.0,Manchester,76.64
dairy_waste,6.1,3.81,74.87,6.14,38.57,79.68,589.5,London,59.52
mixed_agri_waste,13.09,0.76,68.9,8.21,20.87,22.26,457.68,London,32.12
mixed_agri_waste,14.48,2.78,46.87,4.67,41.71,93.07,14.89,Birmingham,47.13
fruit_waste,19.67,3.5,51.28,4.13,26.77,71.19,209.83,Birmingham,61.71
vegetable_waste,7.82,3.53,64.97,7.91,23.9,70.18,839.73,Glasgow,45.44
vegetable_waste,23.54,4.41,70.68,4.14,40.48,69.92,679.75,Manchester,57.24
brewery_waste,25.01,3.1,60.69,4.72,33.31,38.72,867.77,Glasgow,68.78
brewery_waste,24.52,3.94,86.66,5.97,39.83,85.74,324.02,London,77.91
mixed_agri_waste,16.27,1.84,74.21,5.48,33.86,63.23,567.8,Birmingham,53.05
fruit_waste,21.37,2.5,45.66,6.64,23.71,65.98,761.75,Leeds,52.73
fruit_waste,21.27,4.78,83.12,8.11,37.9,21.15,157.5,Birmingham,58.48
dairy_waste,27.95,4.16,77.32,8.3,20.4,28.45,17.49,Birmingham,59.64
mixed_agri_waste,33.64,3.45,62.1,4.89,30.54,28.34,174.67,London,63.01
brewery_waste,29.09,2.93,59.01,6.75,35.76,34.9,419.41,Glasgow,79.99
fruit_waste,8.7,4.37,80.99,4.83,26.5,78.65,193.38,Birmingham,61.91
fruit_waste,6.3,3.35,87.81,6.71,38.02,86.27,235.8,London,60.8
fruit_waste,10.24,2.12,85.77,7.46,32.25,33.47,309.04,Manchester,51.67
vegetable_waste,7.87,3.31,65.33,6.64,23.7,73.9,864.17,Leeds,49.74
mixed_agri_waste,10.35,1.91,55.36,4.93,34.04,33.58,635.7,Leeds,43.38
vegetable_waste,18.28,2.51,77.6,4.07,27.5,80.77,607.19,Birmingham,42.6
vegetable_waste,7.38,0.89,85.24,4.86,27.11,31.04,361.45,Glasgow,31.54
vegetable_waste,29.01,1.55,69.3,7.96,34.32,56.77,331.09,London,47.34
brewery_waste,34.82,3.48,70.1,7.29,30.23,17.05,566.67,Manchester,75.63
vegetable_waste,29.65,0.51,58.54,8.42,30.45,44.13,128.63,Leeds,43.91
brewery_waste,27.12,3.96,55.96,7.02,22.04,33.59,790.02,Glasgow,72.38
dairy_waste,26.26,0.66,58.64,5.18,27.92,19.36,937.59,London,50.67
fruit_waste,14.17,2.29,65.12,6.7,31.34,89.23,501.99,Leeds,63.32
brewery_waste,31.04,4.13,80.55,5.37,21.78,45.85,181.79,Manchester,76.66
vegetable_waste,15.38,4.89,73.84,7.7,22.92,84.41,923.53,Birmingham,63.77
mixed_agri_waste,20.08,2.29,51.59,5.65,21.5,14.17,143.81,London,43.12
dairy_waste,21.49,4.85,64.46,5.4,31.14,48.92,114.61,Glasgow,68.5
vegetable_waste,15.94,2.24,70.4,4.86,24.66,52.71,756.71,London,46.02
fruit_waste,10.12,0.84,80.22,5.19,23.91,70.1,621.87,Birmingham,40.1
mixed_agri_waste,14.19,3.31,68.72,5.92,22.88,86.47,455.29,London,58.0
mixed_agri_waste,16.03,2.36,82.24,7.3,36.92,12.93,421.99,Birmingham,42.71
mixed_agri_waste,25.43,1.35,72.85,5.46,38.35,64.86,206.87,Manchester,51.11
mixed_agri_waste,6.28,2.17,56.96,6.91,30.99,34.35,157.75,Glasgow,45.23
brewery_waste,23.42,4.37,62.66,8.3,22.93,20.58,662.11,Leeds,62.25
fruit_waste,29.27,0.84,57.57,8.19,25.57,77.62,826.88,Leeds,46.56
fruit_waste,7.0,2.83,51.76,7.32,31.27,69.14,51.26,Leeds,54.82
fruit_waste,24.77,4.11,49.74,4.16,31.19,44.56,467.33,Birmingham,63.11
mixed_agri_waste,5.63,0.87,88.55,5.33,36.92,64.47,388.12,Manchester,31.1
vegetable_waste,8.64,3.27,79.86,6.9,31.67,15.52,968.8,Birmingham,43.89
vegetable_waste,22.47,3.87,81.53,6.95,22.82,40.41,928.8,Glasgow,55.83
fruit_waste,16.28,2.98,62.49,4.74,26.02,89.98,679.22,Leeds,59.69
mixed_agri_waste,25.14,1.93,84.57,5.16,31.97,65.43,228.85,Birmingham,54.56
dairy_waste,14.6,3.89,57.12,6.43,36.01,21.07,688.45,Birmingham,55.89
dairy_waste,17.4,3.91,78.45,6.75,22.33,24.73,102.82,Glasgow,57.65
dairy_waste,27.83,1.22,65.77,4.04,25.43,73.02,991.89,Leeds,51.81
vegetable_waste,11.12,3.0,77.99,6.77,24.14,41.85,785.95,Manchester,42.65
dairy_waste,5.16,3.92,46.59,7.36,24.45,92.48,374.26,London,51.34
brewery_waste,8.74,2.23,73.95,7.51,24.78,23.58,666.41,Glasgow,47.98
mixed_agri_waste,23.59,2.1,80.74,4.42,32.94,52.4,645.9,Manchester,51.11
dairy_waste,6.58,2.69,71.97,6.71,20.5,39.06,640.13,London,44.63
brewery_waste,27.38,4.92,54.44,7.71,31.45,43.37,131.15,Glasgow,78.77
dairy_waste,22.95,3.81,89.93,8.2,34.14,47.38,639.82,Leeds,62.94
brewery_waste,16.51,3.07,71.45,4.83,27.97,40.1,35.93,London,64.07
mixed_agri_waste,33.22,1.67,64.33,7.93,38.52,27.63,804.62,Birmingham,44.21
vegetable_waste,26.18,3.34,47.24,8.07,40.01,77.54,16.96,Glasgow,51.07
dairy_waste,33.7,0.81,47.57,5.27,25.76,32.75,907.19,Leeds,48.85
vegetable_waste,30.34,1.71,52.04,7.84,21.02,64.05,566.37,Manchester,41.69
brewery_waste,26.97,2.97,50.76,7.97,28.66,81.54,789.84,Manchester,68.0
fruit_waste,34.44,1.65,74.44,4.89,32.44,50.97,972.29,Glasgow,60.93
fruit_waste,9.54,1.51,56.29,7.83,32.35,55.96,123.62,Leeds,50.85
vegetable_waste,26.68,0.8,76.85,6.45,21.8,50.5,489.85,London,46.04
vegetable_waste,24.53,2.95,47.8,6.31,37.74,50.58,61.44,Birmingham,56.4
fruit_waste,9.94,1.99,79.05,6.34,24.51,85.74,880.79,Glasgow,54.3
fruit_waste,27.52,3.01,69.86,4.42,27.56,35.72,396.82,Manchester,64.62
brewery_waste,18.55,2.29,49.2,5.98,24.3,27.68,103.1,London,62.27
mixed_agri_waste,14.37,3.39,53.81,8.04,31.44,49.6,562.24,Glasgow,48.43
vegetable_waste,15.89,4.54,52.6,6.28,33.16,14.8,370.06,Birmingham,57.95
mixed_agri_waste,28.96,4.85,83.56,4.53,36.27,38.85,988.53,London,64.71
mixed_agri_waste,25.04,3.36,52.47,7.97,29.4,25.63,22.48,Glasgow,56.46
fruit_waste,31.71,0.86,77.92,4.84,38.88,80.8,545.39,London,66.39
brewery_waste,14.43,2.62,81.97,6.07,27.87,53.51,829.97,London,61.74
mixed_agri_waste,29.78,0.95,55.79,4.64,27.65,49.83,751.34,London,45.7
fruit_waste,30.24,2.62,89.06,6.85,22.78,68.8,331.85,Leeds,63.74
fruit_waste,11.82,4.27,57.57,6.89,35.27,55.06,312.26,London,65.51
mixed_agri_waste,27.89,2.34,79.17,8.07,25.12,79.82,68.5,Birmingham,54.43
brewery_waste,21.81,1.0,65.12,6.07,39.02,57.92,386.6,Birmingham,62.67
brewery_waste,5.54,2.4,46.22,8.35,22.8,71.45,973.05,London,47.55
dairy_waste,34.45,3.3,70.16,6.83,31.72,65.35,455.34,London,78.42
mixed_agri_waste,7.05,1.68,47.08,6.55,26.24,81.26,83.5,Glasgow,45.49
fruit_waste,6.93,4.45,84.48,5.49,27.49,95.08,629.91,London,62.47
mixed_agri_waste,13.56,2.43,57.05,7.55,32.61,67.34,259.78,Leeds,49.31
mixed_agri_waste,20.76,0.65,84.08,4.29,41.03,14.11,697.51,Glasgow,29.2
dairy_waste,18.93,1.12,60.34,4.74,23.75,91.64,450.79,London,50.56
dairy_waste,12.03,4.04,88.68,5.18,25.97,51.72,984.0,London,60.67
fruit_waste,15.86,2.63,47.05,4.63,26.09,93.61,338.03,Manchester,51.77
brewery_waste,19.23,3.16,69.17,7.84,21.09,82.0,845.49,Glasgow,65.2
fruit_waste,18.89,2.47,54.83,5.79,20.98,35.34,818.52,Manchester,56.37
mixed_agri_waste,31.4,3.09,46.34,7.04,20.99,49.85,930.13,Birmingham,53.65
mixed_agri_waste,16.7,3.78,84.7,7.02,25.68,68.67,303.76,Leeds,58.01
mixed_agri_waste,23.11,3.59,50.15,5.73,30.04,43.0,129.81,Leeds,60.2
dairy_waste,32.01,2.32,59.45,7.37,29.08,66.27,649.99,London,65.26
vegetable_waste,32.4,3.26,84.32,7.26,22.65,87.81,75.78,Birmingham,61.23
vegetable_waste,25.85,2.9,65.2,4.38,28.79,88.45,809.94,Leeds,54.83
fruit_waste,16.62,4.33,63.18,4.35,31.94,84.39,594.38,London,65.45
dairy_waste,16.53,2.53,71.07,7.42,22.18,86.73,22.19,Manchester,54.65
dairy_waste,20.77,2.8,52.45,6.91,20.99,76.0,947.18,Leeds,56.98
brewery_waste,20.52,2.21,45.3,5.74,37.42,62.06,110.25,Glasgow,63.72
dairy_waste,21.79,0.97,52.53,8.37,25.03,94.11,536.59,London,50.47
mixed_agri_waste,7.98,1.44,86.65,5.86,28.7,38.31,155.59,London,37.34
vegetable_waste,16.11,2.19,66.33,6.0,41.89,57.81,97.32,Glasgow,46.36
brewery_waste,5.93,4.87,79.81,8.41,30.51,56.71,176.65,London,67.34
brewery_waste,29.8,3.69,52.97,6.28,34.9,31.74,832.38,Manchester,77.44
dairy_waste,9.96,3.12,89.99,4.68,37.97,29.41,784.56,Birmingham,44.19
fruit_waste,18.84,3.79,51.66,7.84,35.64,88.18,141.05,Manchester,68.87
brewery_waste,22.97,2.09,65.63,4.17,36.41,58.14,67.16,Glasgow,60.21
vegetable_waste,34.09,4.77,68.08,4.42,36.6,53.32,309.42,London,70.29
dairy_waste,11.1,3.93,62.39,6.3,30.83,60.49,866.92,Birmingham,64.46
brewery_waste,29.2,2.64,89.83,4.27,20.07,65.78,305.45,London,63.44
brewery_waste,18.45,2.8,73.2,8.17,20.42,52.05,690.84,Birmingham,59.93
vegetable_waste,15.76,4.12,57.54,4.95,41.06,12.74,997.84,Glasgow,49.74
vegetable_waste,7.69,0.51,46.99,5.54,33.92,17.8,15.61,Leeds,32.03
brewery_waste,8.13,2.3,77.54,5.26,35.12,14.06,313.08,Manchester,52.23
brewery_waste,22.31,3.64,45.27,4.45,39.12,69.27,121.8,London,65.68
dairy_waste,7.19,2.31,58.29,5.05,26.18,79.49,929.94,Manchester,51.03
brewery_waste,22.5,4.29,69.7,4.99,20.74,30.03,421.96,Glasgow,67.29
vegetable_waste,29.64,3.0,73.67,6.37,30.19,31.71,310.16,Manchester,60.54
dairy_waste,32.5,3.74,63.07,4.71,39.4,81.2,724.5,Glasgow,68.26
fruit_waste,20.33,0.71,57.43,7.18,21.38,82.5,13.78,Leeds,44.72
mixed_agri_waste,27.23,1.92,49.59,5.62,25.95,82.79,320.21,London,55.76
mixed_agri_waste,32.3,2.2,88.38,4.4,35.11,53.48,393.77,Birmingham,54.48
brewery_waste,26.12,0.52,52.51,7.21,34.66,93.15,763.43,Leeds,61.68
fruit_waste,19.26,3.35,89.98,4.47,30.97,44.35,867.16,Glasgow,60.61
brewery_waste,24.03,3.97,45.13,7.87,24.09,58.37,421.64,Manchester,66.1
brewery_waste,28.89,3.89,46.62,5.78,40.48,22.56,739.73,Leeds,76.43
dairy_waste,16.85,3.71,53.96,8.01,26.32,42.89,67.51,London,55.21
dairy_waste,25.64,1.59,86.0,7.77,35.61,91.7,41.11,Glasgow,53.63
brewery_waste,32.18,1.7,77.62,7.95,20.92,45.4,764.69,Leeds,55.0
fruit_waste,34.28,1.06,45.76,7.47,37.76,22.1,272.93,London,52.46
mixed_agri_waste,28.19,2.83,60.66,5.67,20.03,37.18,649.99,Leeds,55.56
mixed_agri_waste,14.09,0.8,55.27,5.11,30.65,74.79,479.07,Birmingham,45.43
vegetable_waste,33.73,4.74,80.33,8.46,31.98,92.87,84.85,London,63.15
dairy_waste,31.88,4.31,59.18,5.24,41.6,56.29,907.36,Manchester,68.28
dairy_waste,12.8,2.05,86.29,5.31,30.34,86.77,710.64,Birmingham,51.49
vegetable_waste,27.83,2.09,87.71,8.33,33.66,90.01,763.25,Birmingham,50.77
vegetable_waste,18.76,3.02,83.88,6.17,39.75,68.65,145.63,Glasgow,52.87
dairy_waste,33.82,1.39,87.81,8.48,35.66,94.42,573.84,London,58.27
brewery_waste,18.11,3.17,48.29,6.8,41.59,27.97,794.67,Glasgow,60.23
vegetable_waste,27.72,1.23,66.46,7.23,25.44,65.81,669.93,Manchester,49.96
brewery_waste,21.95,3.97,67.45,4.05,20.2,41.99,926.93,London,65.97
vegetable_waste,10.34,2.82,81.37,5.14,25.41,45.83,895.7,London,39.27
mixed_agri_waste,32.04,1.19,89.55,8.3,30.88,55.07,486.73,Manchester,47.12
brewery_waste,33.53,3.1,61.07,7.54,25.52,59.38,364.99,Birmingham,75.85
dairy_waste,12.21,1.36,86.32,4.46,31.13,30.55,48.54,Leeds,41.14
mixed_agri_waste,22.45,2.46,71.1,6.33,36.69,35.73,359.52,London,56.91
vegetable_waste,17.58,4.01,66.44,6.24,24.5,61.65,194.27,Glasgow,59.8
dairy_waste,15.93,1.83,84.58,6.07,22.09,81.45,57.16,Leeds,51.94
dairy_waste,28.22,2.09,82.12,6.32,30.19,15.81,297.13,Manchester,59.52
mixed_agri_waste,5.0,2.37,68.51,4.25,41.41,30.99,311.16,Leeds,37.73
mixed_agri_waste,11.91,0.51,77.82,8.35,24.93,67.7,744.48,London,33.74
vegetable_waste,26.38,4.18,53.17,5.67,39.84,79.76,985.01,Glasgow,64.2
mixed_agri_waste,9.49,2.21,63.65,7.39,20.45,34.6,522.42,Glasgow,40.94
fruit_waste,23.05,1.83,77.15,7.42,22.26,55.16,513.8,Leeds,50.04
dairy_waste,32.99,4.22,76.37,7.21,30.16,89.36,697.65,Leeds,80.53
fruit_waste,29.21,1.38,60.54,5.51,41.53,83.95,704.16,Manchester,62.06
dairy_waste,33.41,2.73,62.12,4.73,37.3,73.69,390.51,Glasgow,65.98
dairy_waste,20.03,3.68,69.04,6.43,29.45,37.94,487.44,Birmingham,67.36
mixed_agri_waste,33.57,1.52,84.57,7.64,34.9,64.5,323.38,Birmingham,54.43
brewery_waste,29.98,4.58,45.55,7.03,21.14,58.1,294.76,Manchester,81.7
brewery_waste,15.59,3.3,60.03,7.3,28.9,17.74,785.92,Glasgow,60.36
brewery_waste,7.16,1.42,62.16,8.42,37.27,73.61,125.03,Glasgow,41.53
brewery_waste,8.04,1.75,57.43,5.94,41.57,17.67,523.51,Glasgow,46.17
mixed_agri_waste,26.14,2.4,60.59,5.79,25.81,29.25,488.21,Manchester,50.41
vegetable_waste,21.49,3.6,51.48,6.68,23.79,89.74,77.65,London,61.48
brewery_waste,7.76,2.99,73.87,7.17,28.21,59.35,456.18,London,59.08
fruit_waste,13.13,3.19,83.97,8.26,22.33,25.01,945.29,Birmingham,49.07
brewery_waste,26.03,3.56,63.37,4.07,32.82,33.26,455.75,London,71.28
fruit_waste,16.97,4.28,53.48,7.03,41.49,20.56,18.24,Manchester,56.87
brewery_waste,32.44,2.45,56.64,5.95,35.92,12.76,593.56,Glasgow,70.26
fruit_waste,24.13,1.59,77.13,4.41,24.38,85.71,741.34,Birmingham,54.07
vegetable_waste,18.77,3.8,72.3,7.03,21.79,91.93,840.11,Birmingham,52.79
brewery_waste,32.98,2.95,54.01,6.78,36.34,73.99,526.23,London,78.66
fruit_waste,22.53,2.92,57.1,5.66,39.7,67.98,789.51,Glasgow,62.12
mixed_agri_waste,23.91,1.62,76.75,5.92,29.74,66.54,936.92,Manchester,53.49
fruit_waste,14.03,2.76,47.53,6.21,40.4,20.85,766.8,Glasgow,47.41
vegetable_waste,12.81,1.22,52.22,4.32,24.08,67.79,882.87,Leeds,37.24
brewery_waste,13.68,1.89,56.25,6.32,31.78,41.98,360.25,London,64.03
dairy_waste,29.84,1.47,81.42,7.54,33.91,43.38,278.78,Leeds,54.27
mixed_agri_waste,7.33,4.23,60.7,6.35,37.48,86.29,351.33,Leeds,54.6
brewery_waste,5.4,1.83,65.66,5.85,35.88,44.32,494.48,Leeds,58.21
mixed_agri_waste,20.96,4.05,58.36,6.44,27.6,46.79,735.09,Manchester,59.32
brewery_waste,15.63,0.97,55.01,6.34,33.37,32.61,67.15,Manchester,50.98
dairy_waste,21.71,2.37,64.3,6.43,35.32,70.98,179.98,Birmingham,61.28
vegetable_waste,17.36,4.42,73.41,6.4,22.54,62.87,126.03,Manchester,54.7
vegetable_waste,11.19,2.26,85.31,4.92,31.17,47.22,27.94,Leeds,41.82
fruit_waste,7.07,2.63,70.23,6.83,35.15,33.27,19.88,Birmingham,53.94
fruit_waste,29.64,4.29,66.83,5.5,37.41,49.91,191.61,Glasgow,81.03
vegetable_waste,31.48,2.6,48.41,5.75,37.68,87.75,211.44,Leeds,60.65
dairy_waste,21.37,4.92,65.27,6.31,41.76,31.45,943.12,London,61.21
vegetable_waste,18.39,0.82,77.82,6.74,35.55,43.46,375.79,Glasgow,41.74
brewery_waste,29.94,4.29,61.8,6.84,22.1,20.71,58.17,Birmingham,74.23
dairy_waste,22.51,4.02,78.83,7.61,31.4,23.79,674.45,Leeds,67.62
dairy_waste,15.41,2.26,52.14,5.16,33.32,48.39,776.56,Leeds,54.83
vegetable_waste,21.25,3.91,58.81,5.87,35.68,44.44,592.62,Glasgow,58.3
vegetable_waste,26.73,3.86,70.11,6.63,22.94,49.28,456.27,London,54.8
fruit_waste,12.92,4.73,73.64,5.46,25.93,28.04,697.69,Leeds,65.72
vegetable_waste,29.45,4.0,79.24,4.84,21.94,70.71,374.66,Glasgow,53.89
dairy_waste,18.92,1.69,63.69,8.0,38.14,64.92,859.54,Leeds,48.72
brewery_waste,18.09,3.5,49.24,7.37,37.88,71.37,967.59,Glasgow,71.79
brewery_waste,32.09,4.7,81.06,7.03,20.13,51.13,575.45,London,77.12
brewery_waste,31.75,4.32,63.27,4.06,21.76,38.22,25.59,London,69.27
vegetable_waste,27.87,0.68,82.67,6.79,32.39,64.47,865.79,Leeds,54.19
mixed_agri_waste,27.7,2.49,76.83,5.75,25.04,62.14,928.9,Glasgow,62.68
vegetable_waste,20.83,1.45,89.8,8.42,34.29,79.57,717.95,London,41.59
brewery_waste,25.24,3.55,61.79,8.24,23.68,54.03,693.98,Glasgow,67.69
fruit_waste,7.09,3.0,78.65,7.65,29.1,29.15,51.92,Leeds,46.38
vegetable_waste,25.56,0.61,52.71,6.04,30.01,69.6,911.11,London,55.0
dairy_waste,17.06,1.19,70.77,5.25,40.27,60.99,596.91,Manchester,46.99
mixed_agri_waste,7.54,3.23,84.64,7.97,34.5,29.74,864.37,Manchester,43.05
brewery_waste,29.0,4.48,50.63,4.9,24.76,70.06,607.01,Glasgow,80.89
mixed_agri_waste,15.43,2.46,62.82,7.01,39.62,37.71,556.36,London,47.02
vegetable_waste,17.49,1.26,66.37,4.25,40.73,18.28,444.07,Manchester,35.61
fruit_waste,13.35,4.09,59.68,5.35,25.12,22.89,263.9,London,58.92
fruit_waste,25.22,0.78,54.47,7.64,23.23,40.78,866.01,London,41.32
dairy_waste,19.35,4.01,58.66,5.4,20.07,26.64,876.65,Glasgow,56.59
fruit_waste,29.67,0.76,63.84,6.06,35.95,60.24,670.54,Manchester,62.68
mixed_agri_waste,27.95,4.73,45.71,6.35,30.36,67.11,563.98,Leeds,70.88
brewery_waste,15.84,4.37,63.31,5.48,29.99,76.05,134.74,London,78.85
fruit_waste,19.69,3.4,55.34,6.49,28.19,67.58,149.81,London,63.95
dairy_waste,13.36,1.48,53.23,7.72,26.29,89.88,970.23,Glasgow,44.24
brewery_waste,16.02,0.89,70.06,7.8,37.51,26.71,676.04,Manchester,48.33
fruit_waste,31.22,1.62,56.85,4.0,39.15,78.58,631.06,Glasgow,55.97
fruit_waste,15.54,0.92,66.88,8.14,20.88,36.48,215.47,Leeds,40.98
vegetable_waste,22.7,0.53,79.76,7.16,33.54,75.88,517.79,Birmingham,46.68
vegetable_waste,26.24,2.64,75.35,7.43,21.0,66.31,234.47,Glasgow,50.97
fruit_waste,20.3,2.76,47.26,4.16,32.13,48.81,840.79,London,52.37
dairy_waste,28.2,4.62,53.51,8.15,35.3,63.3,207.84,Leeds,68.53
brewery_waste,22.05,3.43,54.49,6.5,38.84,82.15,928.08,Birmingham,70.64
mixed_agri_waste,20.74,3.99,55.55,5.55,20.66,92.77,671.19,Birmingham,55.57
brewery_waste,22.92,3.44,53.65,5.33,33.63,62.37,511.27,London,76.2
dairy_waste,18.67,3.55,69.44,5.56,29.58,78.74,285.35,Manchester,66.82
brewery_waste,12.83,2.05,82.56,8.21,24.09,43.29,929.34,London,49.7
mixed_agri_waste,32.4,1.35,45.23,4.27,39.9,66.39,280.31,Leeds,44.17
brewery_waste,13.83,1.02,87.37,7.53,30.17,84.66,256.96,Birmingham,56.98
vegetable_waste,27.72,1.83,58.45,4.48,29.68,73.3,940.82,London,51.86
mixed_agri_waste,30.89,4.2,52.8,6.19,22.57,69.3,950.4,Leeds,67.66
fruit_waste,22.51,2.26,60.98,4.2,24.79,13.27,585.6,Glasgow,47.74
mixed_agri_waste,31.19,2.85,76.49,5.85,32.33,91.18,91.91,London,69.68
vegetable_waste,7.27,2.13,49.15,6.63,24.98,87.24,785.67,Glasgow,40.77
dairy_waste,24.76,2.9,49.65,4.78,32.5,36.89,938.93,Birmingham,53.33
dairy_waste,25.76,2.56,55.19,6.76,25.56,60.52,365.62,Leeds,58.38
mixed_agri_waste,7.29,4.53,80.73,4.71,21.14,58.81,164.48,Leeds,47.71
mixed_agri_waste,11.64,2.21,81.38,7.71,28.46,50.57,310.25,Birmingham,47.07
brewery_waste,8.56,4.7,75.77,6.39,20.72,51.95,413.67,London,69.53
vegetable_waste,21.87,3.72,48.08,5.88,22.56,63.47,939.1,London,51.28
dairy_waste,7.3,2.1,69.78,5.81,38.34,80.43,615.71,Birmingham,48.22
fruit_waste,15.65,2.36,75.41,6.96,21.54,45.2,189.96,Birmingham,50.57
brewery_waste,32.22,1.2,54.9,6.33,35.62,20.04,324.52,London,67.46
dairy_waste,16.39,1.92,57.86,4.41,26.93,15.62,783.15,Birmingham,42.52
dairy_waste,29.73,1.16,82.48,6.43,38.58,48.23,385.25,Manchester,56.0
vegetable_waste,20.42,1.89,70.79,5.46,20.86,34.85,16.32,Manchester,44.27
fruit_waste,14.73,1.55,54.49,7.86,38.05,49.01,141.08,London,50.65
mixed_agri_waste,28.41,4.99,53.6,6.07,29.48,37.58,206.11,Birmingham,64.49
vegetable_waste,31.61,2.39,67.36,8.13,37.08,22.96,569.77,Birmingham,53.49
vegetable_waste,25.71,2.03,81.22,4.24,23.51,40.19,86.04,Leeds,42.62
brewery_waste,29.9,4.77,58.71,5.19,26.16,35.33,45.57,Birmingham,80.08
brewery_waste,26.93,4.76,80.17,5.41,25.45,70.61,370.47,Glasgow,83.31
dairy_waste,6.86,2.91,70.47,7.38,22.9,55.11,202.5,Manchester,48.26
brewery_waste,11.65,1.93,56.67,4.39,21.98,28.23,60.05,Leeds,42.25
dairy_waste,7.51,1.45,78.86,4.23,30.84,49.14,341.06,Glasgow,43.97
brewery_waste,22.16,4.12,79.21,4.69,23.28,34.53,367.46,Glasgow,60.74
vegetable_waste,29.82,3.13,60.19,7.61,25.42,93.99,351.37,Glasgow,53.64
fruit_waste,17.34,1.58,75.26,7.72,34.81,81.25,403.02,Birmingham,52.31
dairy_waste,15.81,3.52,57.18,4.37,41.84,25.12,988.54,Birmingham,52.2
mixed_agri_waste,34.56,3.96,64.55,6.01,33.61,67.89,505.7,Birmingham,77.72
mixed_agri_waste,13.37,1.08,49.48,6.71,31.52,33.3,476.24,Birmingham,37.7
dairy_waste,27.96,1.64,83.95,4.46,22.77,94.25,677.1,Glasgow,54.56
mixed_agri_waste,14.73,3.54,71.74,6.71,35.02,60.33,434.77,Birmingham,60.13
mixed_agri_waste,25.77,1.55,73.14,7.36,24.81,17.04,139.66,Manchester,43.41
fruit_waste,26.04,1.01,89.86,4.83,33.07,46.56,135.12,London,54.01
fruit_waste,30.26,2.67,79.99,7.03,35.93,53.38,637.08,Manchester,66.65
fruit_waste,6.51,4.51,70.96,6.54,31.01,17.83,98.98,Manchester,58.04
vegetable_waste,9.52,4.33,89.62,7.27,37.26,95.53,609.43,London,55.71
fruit_waste,25.39,4.76,58.31,4.01,25.98,30.3,665.22,Glasgow,69.57
dairy_waste,24.95,3.0,60.42,4.61,22.08,81.85,919.21,Leeds,65.04
vegetable_waste,8.1,2.31,77.8,7.51,22.6,12.0,715.02,Glasgow,30.94
mixed_agri_waste,29.71,4.54,69.89,7.66,28.45,67.97,988.95,Birmingham,65.37
brewery_waste,16.7,2.66,51.21,4.36,38.25,94.05,410.68,Leeds,60.67
vegetable_waste,14.17,2.31,75.26,7.07,26.94,23.19,636.07,Glasgow,45.87
brewery_waste,22.35,3.62,76.53,7.39,39.2,54.0,732.95,Glasgow,66.72
dairy_waste,13.54,2.49,72.77,7.82,24.32,22.55,963.85,Leeds,47.55
brewery_waste,13.94,1.75,79.72,6.93,38.31,93.94,479.42,Manchester,61.04
vegetable_waste,13.15,2.3,71.94,6.94,23.39,94.07,549.32,Birmingham,46.65
dairy_waste,32.23,4.98,76.52,7.47,27.42,91.09,534.42,Birmingham,80.25
mixed_agri_waste,30.0,1.86,88.49,6.83,40.47,68.79,314.17,Leeds,54.18
dairy_waste,12.53,1.04,71.3,8.36,28.31,17.21,345.91,Leeds,34.66
dairy_waste,8.19,1.01,87.35,7.93,29.95,94.81,10.18,Leeds,43.46
brewery_waste,18.26,3.42,47.77,7.66,40.69,66.5,955.02,Glasgow,63.02
mixed_agri_waste,17.04,2.02,50.71,5.76,23.58,73.69,216.74,Manchester,44.69
vegetable_waste,21.57,3.18,84.24,6.6,27.6,79.45,544.88,London,56.84
fruit_waste,10.16,4.45,70.13,7.91,28.17,63.61,528.43,Manchester,60.93
vegetable_waste,29.85,0.86,66.46,6.84,38.23,77.81,284.3,Leeds,52.0
brewery_waste,17.68,4.98,45.47,8.03,23.28,78.02,621.75,Glasgow,68.7
fruit_waste,5.39,1.52,70.51,5.58,33.43,14.03,125.29,Glasgow,44.51
vegetable_waste,27.56,4.57,82.59,4.89,29.71,28.75,271.83,London,58.45
vegetable_waste,7.04,1.48,87.09,6.1,29.8,13.22,254.93,Glasgow,36.88
dairy_waste,23.77,3.07,53.32,4.27,33.3,76.15,528.17,Birmingham,62.06
vegetable_waste,25.0,0.86,64.88,4.74,24.06,28.99,392.84,Birmingham,39.21
mixed_agri_waste,19.5,2.22,82.76,4.65,31.13,17.21,80.44,Glasgow,44.5
mixed_agri_waste,31.34,3.01,88.19,4.22,22.16,15.7,193.42,Birmingham,55.5
fruit_waste,33.38,4.29,58.35,4.35,23.74,22.66,132.05,Manchester,69.44
fruit_waste,15.74,4.95,75.79,8.27,23.14,44.1,559.18,London,65.42
brewery_waste,17.46,0.61,60.09,4.8,22.17,92.36,603.37,Leeds,54.88
mixed_agri_waste,10.09,0.73,72.79,4.94,32.93,21.44,338.67,Glasgow,35.88
fruit_waste,30.31,1.96,75.93,8.33,36.07,53.15,634.41,Birmingham,63.76
brewery_waste,15.03,3.79,63.9,6.6,38.32,79.55,867.76,Birmingham,73.7
vegetable_waste,18.79,3.54,72.84,6.56,21.3,65.16,771.23,Birmingham,52.43
mixed_agri_waste,26.91,3.07,64.53,4.57,29.0,41.77,309.8,London,58.74
mixed_agri_waste,15.5,1.6,74.52,4.89,26.93,30.87,78.46,Birmingham,45.26
brewery_waste,19.19,0.69,76.47,5.49,36.38,46.64,203.8,Manchester,51.32
fruit_waste,12.84,2.39,71.97,6.31,26.34,12.54,501.28,London,53.46
fruit_waste,27.04,0.61,71.32,8.24,23.84,51.62,100.51,Glasgow,51.22
mixed_agri_waste,12.61,3.39,57.4,6.23,22.68,61.4,322.92,Glasgow,58.89
mixed_agri_waste,29.25,3.25,58.31,5.15,27.2,25.83,189.36,Birmingham,55.2
fruit_waste,22.82,3.15,48.03,7.74,23.9,72.74,774.94,Glasgow,64.32
fruit_waste,22.37,0.57,61.22,6.72,28.52,84.53,315.71,London,53.69
brewery_waste,31.59,2.56,70.41,6.98,34.94,90.27,996.98,Leeds,77.37
vegetable_waste,13.62,4.46,47.21,5.04,39.74,33.52,228.44,Glasgow,54.57
vegetable_waste,27.74,3.92,59.07,5.85,24.61,94.03,649.15,London,62.53
mixed_agri_waste,28.46,3.95,76.12,8.35,28.66,22.98,674.99,Manchester,58.54
vegetable_waste,14.37,2.42,74.03,7.35,25.11,46.05,276.47,Birmingham,48.81
fruit_waste,28.85,1.96,79.43,4.64,34.47,65.89,35.31,London,63.02
brewery_waste,14.51,4.14,84.4,5.36,38.89,84.01,767.0,Manchester,72.21
fruit_waste,33.35,3.57,59.92,6.25,34.21,54.89,128.75,Manchester,81.33
mixed_agri_waste,33.57,1.98,74.8,7.38,37.86,91.44,319.79,Birmingham,57.26
brewery_waste,34.6,3.19,48.69,6.91,33.75,65.62,314.07,Leeds,80.81
fruit_waste,30.09,2.97,53.51,7.24,31.24,62.76,466.29,Birmingham,70.12
mixed_agri_waste,26.28,0.97,82.75,7.02,35.33,42.49,880.49,Birmingham,46.15
vegetable_waste,6.42,4.83,75.56,6.84,25.95,32.9,942.64,Manchester,51.72
fruit_waste,28.27,2.27,51.27,4.05,31.97,93.97,375.44,Manchester,59.87
vegetable_waste,18.22,4.46,67.75,6.28,23.04,94.55,257.47,Manchester,57.18
fruit_waste,24.89,3.18,63.68,5.9,37.27,28.44,822.05,Glasgow,62.75
fruit_waste,6.38,4.69,74.74,7.36,26.85,83.03,267.01,Manchester,70.44
brewery_waste,22.12,2.65,83.79,4.47,32.18,55.09,288.58,Leeds,67.77
brewery_waste,26.72,4.68,64.37,4.54,31.27,41.3,381.08,Leeds,82.27
fruit_waste,12.03,3.87,86.3,4.49,25.12,75.02,281.76,London,56.44
mixed_agri_waste,18.33,3.54,67.9,7.88,39.05,12.83,780.27,Leeds,49.27
vegetable_waste,34.67,2.67,89.41,7.4,25.47,57.23,992.21,London,51.96
brewery_waste,33.62,1.05,45.82,8.07,21.51,95.32,951.88,London,63.62
fruit_waste,17.84,0.78,55.08,5.63,29.65,94.11,809.79,Birmingham,55.65
fruit_waste,13.93,1.84,59.42,4.74,37.23,22.29,638.56,Manchester,51.23
brewery_waste,7.12,4.59,53.56,7.7,31.98,18.54,955.89,Leeds,64.67
dairy_waste,30.62,0.56,68.03,7.46,40.57,88.37,821.43,Birmingham,53.47
dairy_waste,13.53,1.8,61.97,5.77,31.98,25.43,694.33,Glasgow,49.68
mixed_agri_waste,28.89,3.83,74.05,4.7,32.03,19.35,383.59,London,57.78
mixed_agri_waste,6.19,1.73,88.0,8.29,27.75,15.62,187.3,Leeds,33.91
mixed_agri_waste,27.91,0.99,89.16,5.72,37.06,40.78,631.39,Manchester,47.66
mixed_agri_waste,18.51,2.89,78.56,7.72,35.32,89.62,822.12,Manchester,60.36
vegetable_waste,22.89,4.16,62.2,4.6,24.33,31.95,306.9,Manchester,54.32
dairy_waste,20.78,3.92,77.07,4.87,30.37,51.69,384.44,Leeds,57.04
fruit_waste,5.76,3.61,59.22,4.25,33.42,32.23,392.94,London,53.21
mixed_agri_waste,7.69,4.6,45.27,6.18,22.71,37.85,926.8,Leeds,53.47
mixed_agri_waste,31.53,2.99,69.06,4.88,23.66,88.99,334.56,Manchester,58.82
fruit_waste,8.45,0.52,67.59,6.62,32.74,16.58,320.9,Leeds,38.58
brewery_waste,32.58,2.41,60.4,8.33,29.79,53.08,358.13,Manchester,69.28
vegetable_waste,22.07,3.93,81.53,5.54,29.54,83.27,369.62,Birmingham,64.94
mixed_agri_waste,6.54,2.31,75.32,6.03,36.48,41.99,638.4,Leeds,47.57
fruit_waste,8.39,3.18,66.81,4.12,28.37,20.91,536.04,Birmingham,53.91
dairy_waste,31.94,2.86,76.83,5.13,29.83,22.37,213.92,Leeds,59.45
dairy_waste,5.66,2.11,60.01,5.74,23.04,74.01,858.39,Manchester,47.55
vegetable_waste,17.55,1.89,87.15,6.32,30.94,26.99,117.07,London,48.41
dairy_waste,23.42,1.97,53.63,6.5,32.85,29.39,852.89,Birmingham,56.6
mixed_agri_waste,13.22,4.22,78.29,7.55,22.62,23.81,293.61,Birmingham,47.03
vegetable_waste,27.44,4.26,76.7,8.18,36.25,37.73,272.43,Glasgow,53.44
vegetable_waste,29.65,0.96,80.64,7.65,30.61,16.81,182.84,Leeds,45.83
vegetable_waste,26.35,4.54,71.22,4.56,22.67,72.58,191.95,Manchester,58.81
fruit_waste,19.69,2.88,60.05,6.34,24.35,79.63,193.92,London,59.08
mixed_agri_waste,18.09,3.46,64.7,5.25,32.28,41.15,933.54,Manchester,56.55
fruit_waste,27.11,0.67,66.36,5.51,40.25,13.01,557.29,Manchester,51.94
vegetable_waste,7.56,4.88,68.31,6.76,25.21,52.61,434.86,Birmingham,52.21
brewery_waste,20.15,3.96,47.79,6.6,22.62,15.06,62.22,Manchester,67.23
mixed_agri_waste,30.32,1.68,63.98,4.18,29.88,60.52,575.2,Leeds,48.8
mixed_agri_waste,11.94,2.32,89.7,7.91,32.42,55.4,291.75,London,41.64
fruit_waste,30.45,3.58,58.05,4.91,25.83,26.26,104.68,London,63.08
vegetable_waste,21.42,1.24,47.87,5.43,24.85,55.29,111.34,Leeds,41.76
dairy_waste,5.48,4.84,61.96,6.71,21.75,69.38,933.24,Manchester,56.72
dairy_waste,17.19,4.46,74.19,8.05,33.72,23.03,316.59,Leeds,61.3
vegetable_waste,25.29,1.85,53.28,7.4,30.43,30.97,620.46,London,46.58
mixed_agri_waste,18.28,4.31,54.27,8.28,27.52,94.81,840.22,Glasgow,56.82
mixed_agri_waste,6.03,2.51,81.75,7.98,21.91,57.22,914.1,Manchester,41.78
mixed_agri_waste,33.06,3.88,87.36,7.04,27.99,90.81,282.81,Manchester,66.77
fruit_waste,27.96,4.68,54.22,7.59,36.25,17.36,393.35,Leeds,66.36
dairy_waste,6.41,2.02,63.23,5.08,33.84,65.79,852.0,Manchester,45.64
brewery_waste,21.28,3.44,57.33,6.67,30.76,23.2,250.12,Birmingham,72.07
dairy_waste,13.68,2.16,74.87,4.53,40.99,84.71,581.44,Glasgow,49.45
vegetable_waste,15.17,4.08,48.49,5.27,32.88,33.54,934.64,Leeds,52.85
brewery_waste,20.06,4.59,77.28,6.62,37.55,84.61,462.32,Birmingham,81.0
dairy_waste,27.71,3.6,83.86,8.49,29.39,21.34,40.11,London,61.03
vegetable_waste,6.87,4.2,59.01,5.81,31.06,82.51,654.32,Glasgow,56.74
mixed_agri_waste,10.27,2.81,77.19,8.38,24.43,12.8,84.55,Manchester,41.76
vegetable_waste,14.88,0.74,65.26,5.15,27.74,71.27,526.34,Manchester,39.57
fruit_waste,33.84,3.36,79.46,4.36,21.04,13.63,196.91,London,62.85
brewery_waste,28.51,0.55,79.29,8.02,29.52,56.99,482.21,Birmingham,57.27
vegetable_waste,31.82,2.01,72.68,8.17,41.17,54.75,458.3,Leeds,49.26
fruit_waste,29.71,3.69,71.44,7.69,28.63,49.59,732.7,Glasgow,67.82
mixed_agri_waste,12.76,1.92,48.91,5.36,41.26,91.36,341.53,Glasgow,47.26
fruit_waste,29.32,4.77,49.11,4.73,41.14,57.15,24.05,Glasgow,71.44
vegetable_waste,27.46,1.46,84.02,8.3,25.21,86.14,106.01,London,46.0
mixed_agri_waste,7.72,3.51,51.0,7.83,37.98,13.15,896.77,Manchester,40.85
dairy_waste,28.45,2.68,80.73,6.59,27.53,80.04,245.91,Leeds,67.66
brewery_waste,10.56,1.32,68.08,7.8,21.75,71.38,657.8,Birmingham,43.67
fruit_waste,12.32,2.53,86.66,6.97,28.55,23.04,269.86,Glasgow,56.55
brewery_waste,21.51,2.81,76.06,7.77,27.11,86.68,169.03,Birmingham,70.95
dairy_waste,6.55,0.72,62.38,5.59,26.94,53.25,327.53,Glasgow,39.29
dairy_waste,28.38,2.85,73.85,7.54,28.91,12.23,851.45,Manchester,56.54
brewery_waste,6.92,3.18,78.28,4.95,38.52,14.55,845.37,Manchester,47.88
vegetable_waste,7.18,1.4,60.65,6.79,31.99,22.55,296.83,Birmingham,37.64
fruit_waste,11.41,2.35,76.68,4.98,28.07,44.84,976.69,London,48.57
dairy_waste,28.33,4.36,83.02,5.62,35.12,38.28,70.3,Leeds,68.5
fruit_waste,5.29,2.34,59.82,7.12,36.86,37.54,813.51,Manchester,45.95
mixed_agri_waste,30.55,0.74,49.7,6.56,31.69,50.47,402.82,London,46.76
mixed_agri_waste,19.23,2.0,71.07,8.0,32.52,65.06,523.56,Birmingham,44.6
fruit_waste,14.68,1.66,65.88,4.6,40.41,84.89,710.54,London,50.89
brewery_waste,31.99,3.33,64.74,4.17,30.99,76.24,272.9,Manchester,76.96
vegetable_waste,30.99,2.75,58.34,5.19,29.5,95.92,228.12,Glasgow,61.79
brewery_waste,31.31,2.88,66.03,4.48,34.29,84.91,829.9,Manchester,75.47
vegetable_waste,6.48,1.66,51.1,5.17,28.47,91.21,614.27,Glasgow,41.21
vegetable_waste,27.08,1.74,73.76,5.53,41.95,34.14,286.34,Birmingham,49.83
mixed_agri_waste,6.96,4.2,74.08,6.91,22.82,66.62,982.66,Manchester,55.24
fruit_waste,18.17,0.68,61.3,7.72,35.43,50.58,64.55,Birmingham,43.97
mixed_agri_waste,13.26,2.29,86.92,5.52,40.11,94.41,665.19,Manchester,40.81
vegetable_waste,27.49,3.65,58.81,4.26,27.55,68.02,111.5,Glasgow,55.94
vegetable_waste,29.64,1.6,63.96,7.77,39.3,32.43,555.06,Birmingham,46.49
mixed_agri_waste,23.93,0.61,77.43,6.31,33.33,65.08,531.78,Birmingham,56.45
vegetable_waste,26.82,4.41,53.52,5.81,40.85,45.31,133.62,Glasgow,61.17
dairy_waste,14.8,2.07,71.84,5.23,20.59,73.76,629.39,Glasgow,55.39
mixed_agri_waste,11.18,2.09,50.67,4.58,34.88,84.12,963.11,Manchester,46.94
vegetable_waste,10.52,0.98,81.58,6.6,33.6,77.64,706.24,Manchester,44.74
dairy_waste,5.58,2.44,46.49,8.29,24.62,78.27,776.83,Leeds,44.05
dairy_waste,32.45,1.45,51.49,7.42,31.01,88.59,155.15,Glasgow,58.87
fruit_waste,22.81,3.9,58.93,6.02,28.92,94.66,299.33,Manchester,77.74
fruit_waste,6.66,4.25,65.6,5.17,39.33,28.52,947.83,Manchester,57.41
dairy_waste,18.59,4.76,75.46,5.36,24.14,37.51,102.09,London,60.65
fruit_waste,20.44,2.81,49.83,5.91,29.95,73.63,841.62,Leeds,63.5
dairy_waste,9.95,1.06,61.47,5.03,24.8,16.59,27.49,Glasgow,37.75
mixed_agri_waste,18.67,4.51,70.63,7.75,41.82,25.74,694.86,Manchester,55.82
brewery_waste,28.42,4.6,62.23,6.84,29.46,48.77,317.27,Leeds,82.59
fruit_waste,33.09,4.73,52.87,7.94,36.22,33.24,76.61,Manchester,74.31
mixed_agri_waste,26.63,1.66,77.37,4.13,28.26,64.65,154.64,Manchester,48.87
dairy_waste,24.57,2.32,71.82,4.48,20.37,88.4,276.93,Birmingham,54.28
fruit_waste,12.1,0.88,79.65,6.84,41.75,40.92,71.14,London,40.09
fruit_waste,8.0,1.72,81.72,5.7,21.94,40.75,981.57,Birmingham,40.89
mixed_agri_waste,9.13,0.74,45.83,4.65,34.47,73.11,788.64,London,42.42
vegetable_waste,30.29,2.51,76.89,7.29,23.83,42.34,640.93,Glasgow,50.89
brewery_waste,6.03,3.36,83.65,5.55,28.59,86.85,815.47,Glasgow,63.34
dairy_waste,12.46,4.6,51.95,6.82,20.63,66.07,284.37,Manchester,53.99
mixed_agri_waste,23.66,4.47,88.16,4.87,35.78,67.8,349.94,London,60.01
brewery_waste,5.6,3.14,65.49,6.33,20.16,47.51,720.89,Birmingham,61.89
vegetable_waste,15.55,2.48,48.12,6.6,33.15,74.07,38.88,London,49.34
brewery_waste,19.64,1.42,73.21,5.61,41.9,52.34,491.03,Leeds,59.49
vegetable_waste,26.56,3.14,67.16,4.87,30.21,32.65,915.69,Manchester,54.67
vegetable_waste,23.95,2.94,50.82,5.69,22.18,64.33,452.41,London,49.55
dairy_waste,30.59,4.7,86.97,4.56,28.41,14.37,856.61,Manchester,69.04
fruit_waste,8.28,4.85,52.87,6.92,25.4,72.28,779.05,Birmingham,67.89
vegetable_waste,7.36,1.99,56.17,8.45,28.57,73.54,687.88,London,42.79
mixed_agri_waste,24.06,0.69,54.31,8.16,28.05,20.71,705.38,Birmingham,35.55
vegetable_waste,17.24,4.91,74.26,7.34,20.69,22.21,636.75,Birmingham,48.91
vegetable_waste,23.71,1.1,50.21,7.8,23.06,55.7,46.74,Leeds,40.47
brewery_waste,33.09,4.21,80.61,4.9,37.71,83.41,296.26,Manchester,82.75
brewery_waste,6.5,1.17,69.19,6.59,34.19,13.43,960.76,Glasgow,48.35
brewery_waste,24.98,4.2,45.6,6.44,30.11,53.91,81.49,Manchester,79.22
vegetable_waste,20.1,3.94,66.84,4.67,34.26,26.48,873.67,Leeds,49.64
brewery_waste,20.55,0.83,73.21,5.14,37.68,80.7,979.16,Birmingham,59.71
mixed_agri_waste,8.97,2.96,69.58,4.4,29.2,83.68,857.59,Leeds,51.61
fruit_waste,5.48,3.27,88.24,8.06,35.33,20.12,281.42,Manchester,45.39
fruit_waste,31.21,1.07,84.0,6.67,22.8,47.91,169.25,Manchester,59.91
fruit_waste,29.44,4.71,68.11,8.28,31.79,45.11,849.72,Leeds,77.73
mixed_agri_waste,19.71,4.31,82.44,5.82,27.33,53.32,577.04,Manchester,63.29
mixed_agri_waste,15.02,0.98,55.75,8.27,26.71,26.18,466.07,Manchester,32.76
fruit_waste,21.32,2.98,61.05,6.01,41.24,43.7,265.64,Birmingham,61.0
dairy_waste,11.18,3.69,45.95,5.89,37.07,40.45,568.1,Leeds,51.24
mixed_agri_waste,22.5,2.58,81.82,7.07,24.04,80.96,434.6,Manchester,52.42
fruit_waste,7.46,1.38,87.47,8.39,28.28,89.56,549.38,London,41.4
vegetable_waste,26.07,3.47,89.51,5.19,34.79,16.37,122.51,Glasgow,54.24
dairy_waste,9.54,1.78,61.92,7.4,31.87,18.51,27.85,Birmingham,46.93
dairy_waste,25.98,1.0,83.23,6.4,30.37,94.41,742.97,London,61.49
vegetable_waste,23.75,4.76,71.09,6.43,21.11,17.28,195.47,Manchester,55.98
fruit_waste,27.37,4.98,74.95,6.22,40.31,13.33,732.62,Glasgow,70.1
brewery_waste,24.49,1.86,65.7,5.26,28.13,25.4,886.7,Glasgow,61.24
brewery_waste,10.12,1.39,59.35,6.67,24.62,21.77,970.42,London,45.58
brewery_waste,7.78,0.95,53.96,8.5,20.05,65.65,149.83,Manchester,40.29
vegetable_waste,7.81,4.8,72.49,4.01,39.67,55.82,270.04,London,42.11
dairy_waste,31.66,3.62,55.96,8.19,22.31,34.51,524.99,Manchester,59.4
vegetable_waste,28.42,2.13,63.29,7.64,28.34,15.97,184.68,Leeds,47.8
dairy_waste,21.62,1.29,62.04,7.79,34.17,66.66,868.15,Glasgow,45.79
mixed_agri_waste,21.32,3.83,79.06,6.73,23.67,78.98,722.91,Manchester,60.08
brewery_waste,17.01,2.97,72.88,6.99,38.4,30.1,129.28,Manchester,60.27
brewery_waste,34.24,4.29,67.54,8.42,22.14,37.46,641.84,Glasgow,76.55
vegetable_waste,21.48,3.16,74.37,5.15,28.02,82.87,202.99,Glasgow,55.36
mixed_agri_waste,20.27,0.78,62.28,6.0,23.12,20.61,540.11,Birmingham,40.54
brewery_waste,33.55,1.94,84.06,7.97,27.7,18.99,727.31,Manchester,61.03
brewery_waste,23.94,1.24,70.45,6.27,20.3,42.48,605.08,Birmingham,64.46
mixed_agri_waste,15.27,1.38,70.29,5.42,21.86,69.54,710.68,Leeds,43.91
mixed_agri_waste,7.3,2.42,64.91,7.01,26.94,69.34,872.77,Leeds,42.23
mixed_agri_waste,7.83,1.07,63.65,7.43,39.81,67.84,114.17,Manchester,35.5
dairy_waste,29.17,4.21,84.07,5.86,35.35,34.53,999.34,Birmingham,72.41
vegetable_waste,18.75,4.75,75.31,4.29,30.25,32.18,475.11,Leeds,53.39
mixed_agri_waste,22.46,2.11,52.39,6.27,38.26,67.78,344.98,Manchester,55.85
vegetable_waste,8.19,1.28,76.06,6.91,39.63,73.56,513.27,Birmingham,40.8
mixed_agri_waste,30.0,2.42,74.19,7.27,33.94,23.8,448.52,Glasgow,59.04
dairy_waste,18.21,2.97,80.83,6.62,41.12,67.47,527.48,Manchester,59.25
mixed_agri_waste,33.22,0.72,60.85,7.85,28.71,28.73,430.55,Glasgow,49.1
vegetable_waste,31.62,1.12,60.14,6.64,22.26,73.33,393.37,Manchester,49.41
fruit_waste,10.43,3.81,56.35,6.21,21.66,63.9,669.2,Manchester,62.18
mixed_agri_waste,24.7,1.39,51.48,8.5,33.69,48.2,295.28,Birmingham,44.28
dairy_waste,6.49,0.93,46.48,6.25,33.21,17.25,724.01,Manchester,42.55
fruit_waste,25.73,4.47,87.67,6.19,35.45,83.57,363.04,London,76.51
brewery_waste,27.99,3.46,82.08,6.91,41.32,71.97,925.41,Leeds,72.04
dairy_waste,26.83,3.33,61.19,5.83,41.35,21.44,275.82,Glasgow,61.2
dairy_waste,17.73,3.72,72.17,5.35,29.04,30.29,966.36,Birmingham,60.32
fruit_waste,28.41,1.41,48.6,6.14,20.22,19.12,809.55,Manchester,49.67
dairy_waste,32.45,4.35,75.74,4.24,37.22,83.02,801.09,London,68.32
mixed_agri_waste,11.28,2.92,78.17,6.82,30.38,92.62,679.4,Manchester,54.92
mixed_agri_waste,26.89,3.81,48.6,5.62,38.88,31.54,124.35,Leeds,54.42
fruit_waste,25.08,4.5,65.7,6.73,24.15,79.62,967.65,Birmingham,74.17
dairy_waste,7.58,3.02,67.63,4.65,29.73,40.06,526.61,Leeds,50.28
vegetable_waste,26.39,2.15,47.38,7.4,41.01,32.17,330.29,Leeds,44.4
fruit_waste,22.31,1.2,61.03,7.14,32.32,44.46,426.05,Manchester,55.47
dairy_waste,7.34,3.68,86.4,5.22,28.15,59.79,882.89,Leeds,55.08
fruit_waste,27.19,0.89,75.11,5.85,30.36,16.13,199.15,Manchester,55.47
brewery_waste,30.63,3.87,57.25,4.53,25.54,89.34,585.77,Birmingham,83.14
fruit_waste,22.89,2.15,81.32,6.35,22.57,22.84,541.49,Glasgow,55.26
brewery_waste,23.16,0.76,75.28,6.39,34.58,61.57,428.48,Manchester,64.29
brewery_waste,24.56,4.01,79.52,8.38,26.29,17.97,352.2,Glasgow,64.77
dairy_waste,21.48,4.68,87.65,4.31,30.04,63.21,263.31,London,71.37
vegetable_waste,25.33,1.52,72.09,7.14,21.99,53.79,270.45,London,43.35
fruit_waste,17.93,1.39,64.71,5.84,29.44,61.19,525.96,Manchester,59.13
vegetable_waste,13.89,3.08,64.88,5.56,36.42,87.05,759.22,Glasgow,56.53
vegetable_waste,8.91,2.06,81.35,5.11,21.39,23.06,860.16,Leeds,32.39
mixed_agri_waste,6.3,1.67,84.41,7.39,20.39,55.43,534.28,Manchester,30.64
mixed_agri_waste,11.23,4.1,81.14,5.87,26.24,35.85,487.47,Birmingham,51.17
vegetable_waste,15.77,3.25,62.21,5.37,20.55,12.33,234.94,Birmingham,46.62
fruit_waste,13.01,1.6,55.23,5.53,30.96,48.85,226.09,Leeds,51.41
vegetable_waste,5.38,1.19,76.74,5.1,30.31,61.67,887.97,Birmingham,38.83
mixed_agri_waste,22.25,4.04,45.78,6.47,38.87,51.82,14.07,Leeds,60.32
brewery_waste,17.5,1.2,74.9,7.19,23.91,86.64,447.49,Leeds,58.96
fruit_waste,24.18,4.34,78.18,7.97,29.55,74.8,999.75,London,70.64
mixed_agri_waste,8.43,2.83,71.43,4.78,41.18,26.75,185.78,Leeds,40.97
mixed_agri_waste,22.95,3.21,47.9,8.38,31.97,59.02,524.91,Leeds,56.32
mixed_agri_waste,13.62,2.8,81.3,4.22,33.27,79.77,165.35,Manchester,47.01
fruit_waste,20.09,1.92,77.82,7.94,40.65,79.63,852.07,Glasgow,54.89
vegetable_waste,14.99,1.06,49.79,7.1,25.72,33.39,998.21,Glasgow,35.37
vegetable_waste,22.39,3.33,61.44,6.41,37.34,80.72,958.33,Glasgow,57.45
mixed_agri_waste,14.49,3.98,47.34,4.06,37.5,52.08,139.57,Glasgow,50.35
dairy_waste,32.96,3.97,78.65,5.05,21.32,55.48,133.19,Manchester,70.17
fruit_waste,13.7,4.34,62.44,5.45,40.57,42.52,396.39,Glasgow,63.25
brewery_waste,22.57,3.16,77.36,7.35,31.32,39.8,839.08,London,68.32
dairy_waste,22.97,0.82,55.2,8.19,39.99,77.63,29.21,Glasgow,49.63
fruit_waste,24.02,0.82,85.91,8.31,21.71,56.72,310.33,Birmingham,40.33
mixed_agri_waste,10.39,3.1,88.11,6.26,21.82,64.08,346.82,Leeds,48.38
vegetable_waste,12.97,3.95,54.26,5.45,30.24,91.23,932.41,Manchester,59.32
dairy_waste,30.26,2.67,74.67,6.3,30.5,82.13,758.33,Glasgow,69.53
vegetable_waste,14.6,2.4,55.34,4.9,20.83,66.04,269.89,Manchester,41.78
fruit_waste,29.06,4.33,66.74,5.87,41.51,28.85,223.21,London,69.56
dairy_waste,20.94,0.94,81.55,7.9,23.79,83.44,879.07,Birmingham,46.12
brewery_waste,24.69,2.22,57.68,7.25,38.96,66.94,516.47,Glasgow,63.56
dairy_waste,16.48,3.91,58.75,6.67,31.83,12.4,81.67,Glasgow,61.15
fruit_waste,31.47,1.16,76.99,8.38,37.39,32.41,909.28,Leeds,52.31
dairy_waste,25.32,3.66,88.02,6.39,28.79,92.11,645.69,Birmingham,69.03
dairy_waste,30.51,2.36,50.06,4.34,32.7,65.98,851.34,Leeds,58.84
fruit_waste,28.14,0.67,53.74,6.41,40.57,82.14,844.11,London,56.14
mixed_agri_waste,19.12,1.21,46.4,8.26,25.3,32.16,92.55,Glasgow,37.09
fruit_waste,32.35,2.06,72.97,4.17,24.11,81.82,769.1,Manchester,65.05
fruit_waste,15.38,4.26,49.56,7.04,25.47,13.3,175.1,Glasgow,63.4
brewery_waste,6.09,4.56,48.3,8.02,25.02,74.16,316.64,Glasgow,64.34
brewery_waste,26.01,2.31,48.43,7.3,33.57,12.24,19.33,Leeds,60.29
fruit_waste,18.37,4.26,56.92,6.02,31.83,67.74,786.13,Glasgow,76.57
fruit_waste,24.38,1.18,86.97,5.72,36.05,13.71,213.14,Birmingham,55.11
mixed_agri_waste,32.9,2.68,67.07,4.54,37.66,32.75,900.62,Leeds,55.29
vegetable_waste,33.3,2.84,75.47,7.5,22.88,62.48,43.95,Leeds,51.72
brewery_waste,5.4,0.59,88.78,5.0,37.72,16.9,921.95,Leeds,36.03
fruit_waste,22.13,0.54,56.6,5.83,30.12,37.01,42.62,Leeds,54.1
vegetable_waste,34.84,2.67,79.02,6.04,20.95,38.01,326.91,Leeds,62.89
mixed_agri_waste,24.63,1.74,88.55,5.45,41.96,95.68,199.3,Manchester,50.19
fruit_waste,20.84,4.86,77.58,4.95,22.31,69.83,166.87,Manchester,64.07
mixed_agri_waste,29.13,0.8,76.17,6.57,39.96,22.29,538.7,London,45.82
fruit_waste,19.36,1.28,78.86,8.1,32.19,56.28,766.32,Leeds,55.02
vegetable_waste,31.01,3.32,75.11,4.57,40.81,23.14,776.93,Birmingham,52.35
brewery_waste,7.31,1.88,74.5,5.08,26.17,80.92,588.48,Glasgow,54.57
brewery_waste,14.55,3.79,57.95,7.32,21.54,84.62,504.57,Birmingham,72.99
mixed_agri_waste,18.75,1.68,55.88,6.17,39.51,43.78,752.23,Birmingham,43.87
brewery_waste,33.86,3.44,65.52,5.79,27.14,94.44,143.4,Manchester,85.0
fruit_waste,22.78,2.21,67.59,6.72,32.32,52.86,509.88,Birmingham,58.9
mixed_agri_waste,21.25,1.09,79.48,8.2,40.84,43.0,144.16,Birmingham,36.2
fruit_waste,10.51,1.64,63.3,5.72,37.48,50.33,179.06,Birmingham,50.39
mixed_agri_waste,23.35,3.05,77.16,8.22,40.07,91.47,252.27,Leeds,52.82
dairy_waste,30.78,1.0,87.63,5.91,20.2,49.16,55.61,Glasgow,50.24
fruit_waste,15.16,2.63,72.59,7.91,34.56,48.46,821.23,Birmingham,50.36
brewery_waste,10.07,1.95,64.81,7.75,40.45,64.79,401.0,Manchester,52.43
fruit_waste,34.46,4.92,86.62,7.54,27.17,80.63,414.71,London,84.97
mixed_agri_waste,16.59,2.68,60.97,5.44,41.21,65.89,33.2,Birmingham,47.56
vegetable_waste,24.8,2.44,79.36,8.47,34.5,16.24,113.52,Manchester,45.01
fruit_waste,21.35,1.78,87.68,7.79,35.89,18.55,115.07,Leeds,52.49
fruit_waste,9.82,4.9,52.13,6.19,28.01,65.71,137.75,Leeds,64.57
fruit_waste,6.22,4.61,82.48,5.34,37.36,14.62,967.2,Leeds,55.16
fruit_waste,15.88,0.8,89.52,4.18,34.41,49.19,949.43,Birmingham,43.9
fruit_waste,26.09,0.81,53.72,4.97,36.24,27.89,577.76,London,44.9
fruit_waste,33.27,2.83,60.85,5.05,21.1,34.55,657.69,Birmingham,64.85
dairy_waste,20.38,1.7,65.47,6.12,35.55,91.01,336.03,Leeds,61.26
fruit_waste,19.89,2.95,52.58,7.42,41.67,91.45,205.13,Birmingham,61.17
fruit_waste,21.22,4.32,66.61,5.68,30.85,60.65,197.19,London,77.12
brewery_waste,20.57,1.84,64.01,5.34,25.79,25.74,369.14,Manchester,60.2
brewery_waste,20.06,4.0,82.86,6.61,33.62,35.76,895.92,Glasgow,71.25
brewery_waste,15.46,3.75,48.6,4.82,32.96,59.04,741.54,Leeds,67.13
vegetable_waste,12.5,0.8,76.08,6.58,28.9,42.54,224.65,Birmingham,40.49
dairy_waste,34.12,1.29,71.87,5.91,29.83,33.35,826.88,Birmingham,70.88
dairy_waste,10.45,0.89,77.14,4.88,35.18,44.79,421.62,Birmingham,38.94
brewery_waste,16.03,0.95,58.93,6.99,34.65,36.04,465.5,Glasgow,51.04
dairy_waste,31.9,1.45,55.24,5.26,22.8,65.7,84.39,Leeds,54.92
vegetable_waste,33.67,3.97,82.91,7.42,23.7,82.02,203.16,Birmingham,61.69
brewery_waste,7.82,1.81,89.27,8.32,27.05,95.69,847.1,Leeds,52.54
fruit_waste,6.2,4.56,70.08,7.91,38.36,81.97,701.19,Leeds,58.91
fruit_waste,19.92,3.5,45.57,7.92,29.83,40.81,146.86,Leeds,55.74
dairy_waste,19.89,2.32,75.54,5.89,41.15,62.34,809.4,Birmingham,56.31
mixed_agri_waste,30.83,0.85,48.27,7.83,24.68,68.18,547.45,London,43.7
vegetable_waste,8.75,1.08,70.06,8.26,29.13,39.46,610.62,Glasgow,35.08
dairy_waste,12.18,4.04,47.54,5.66,31.13,59.07,731.33,Manchester,59.52
mixed_agri_waste,26.7,1.73,83.07,5.92,25.99,44.27,837.58,Birmingham,51.59
mixed_agri_waste,29.8,4.24,58.16,7.94,36.98,47.1,750.92,London,57.62
mixed_agri_waste,28.39,1.64,82.33,7.17,40.8,46.35,665.35,Leeds,55.65
mixed_agri_waste,10.66,2.79,68.79,7.65,36.18,67.76,122.25,Leeds,46.99
fruit_waste,31.82,4.64,47.48,7.69,20.83,42.84,546.88,Glasgow,70.11
dairy_waste,32.98,2.7,73.37,7.3,28.16,72.49,679.23,Birmingham,66.47
brewery_waste,19.68,2.22,54.99,7.71,33.38,49.33,944.56,Leeds,59.79
vegetable_waste,27.05,1.87,52.92,7.54,26.88,88.81,842.23,Leeds,54.21
fruit_waste,13.87,4.5,82.83,6.13,20.86,65.64,60.09,Birmingham,67.8
dairy_waste,26.89,2.06,75.65,5.68,23.2,46.11,121.55,Leeds,54.63
brewery_waste,6.23,2.87,84.89,7.77,39.42,89.45,113.48,London,56.36
vegetable_waste,34.23,0.71,61.01,4.96,36.63,65.78,128.69,Leeds,45.92
fruit_waste,25.56,4.01,45.9,8.01,32.52,80.2,809.86,Leeds,70.52
mixed_agri_waste,24.27,0.67,72.97,7.5,31.01,42.03,284.65,Leeds,46.0
mixed_agri_waste,30.07,2.37,79.42,4.79,27.09,93.84,986.46,Manchester,60.34
fruit_waste,13.75,1.7,86.83,4.78,32.75,58.66,742.23,Glasgow,51.43
vegetable_waste,10.08,3.29,77.35,6.56,36.24,23.89,883.65,Birmingham,43.79
brewery_waste,30.34,4.54,56.91,7.2,22.2,14.82,564.79,Birmingham,74.87
dairy_waste,15.21,0.53,66.58,4.07,22.02,39.44,442.8,London,37.82
mixed_agri_waste,25.86,1.14,73.79,4.25,28.96,26.9,118.54,Birmingham,39.47
mixed_agri_waste,9.19,0.93,64.11,8.2,31.93,56.31,149.71,Manchester,38.98
mixed_agri_waste,11.26,3.49,48.54,6.72,23.61,73.82,308.22,Manchester,49.06
vegetable_waste,18.34,0.71,45.62,8.15,22.83,49.45,817.2,Leeds,33.08
vegetable_waste,25.09,4.83,72.12,6.52,20.32,18.8,581.4,Glasgow,60.74
brewery_waste,31.0,4.92,68.75,7.55,38.49,66.43,345.36,London,85.0
mixed_agri_waste,15.03,0.62,60.35,7.61,39.74,55.53,460.95,Glasgow,37.1
dairy_waste,24.15,1.79,58.21,5.8,38.75,54.03,682.11,Leeds,51.88
fruit_waste,23.11,4.7,54.15,4.66,38.83,69.2,194.71,London,67.96
fruit_waste,34.59,1.92,50.19,4.48,35.83,83.78,264.38,Glasgow,60.59
mixed_agri_waste,12.6,4.73,85.77,6.55,27.8,44.02,417.73,Birmingham,57.0
vegetable_waste,30.64,4.68,53.29,5.97,28.63,46.04,134.27,Glasgow,71.54
brewery_waste,32.18,4.27,66.2,5.85,25.2,73.32,140.43,Glasgow,85.0
mixed_agri_waste,30.99,0.65,86.08,4.53,34.21,33.01,838.19,Birmingham,42.07
vegetable_waste,24.84,4.47,63.42,5.3,20.32,60.29,408.25,Glasgow,57.68
dairy_waste,10.81,2.06,61.1,4.04,38.46,14.69,940.78,London,39.71
mixed_agri_waste,18.07,1.51,62.49,5.87,36.43,19.88,517.46,Manchester,48.19
brewery_waste,29.68,1.45,62.73,5.42,28.8,24.64,508.53,Glasgow,62.99
brewery_waste,31.9,4.92,62.96,5.87,28.98,39.26,783.87,London,85.0
mixed_agri_waste,6.34,1.89,58.15,7.65,21.93,79.68,672.49,London,37.64
fruit_waste,12.34,3.56,50.46,4.51,29.04,66.42,714.95,Leeds,63.13
dairy_waste,14.42,3.35,49.76,6.83,22.09,19.98,730.9,Birmingham,50.46
brewery_waste,22.56,2.12,66.39,5.64,34.1,87.71,172.28,Glasgow,70.77
fruit_waste,34.06,4.96,80.54,6.99,27.61,26.4,88.19,London,81.65
vegetable_waste,34.99,1.6,79.35,6.64,25.75,94.48,898.92,London,58.94
dairy_waste,5.78,3.6,72.19,8.21,25.15,19.09,266.62,Glasgow,45.04
fruit_waste,5.55,1.72,81.21,6.77,36.58,49.57,316.63,Glasgow,49.0
vegetable_waste,28.52,2.54,80.65,7.77,34.41,31.19,281.27,Glasgow,48.45
vegetable_waste,11.29,2.55,85.88,4.47,35.85,69.73,104.8,Birmingham,42.32
vegetable_waste,17.14,0.78,81.95,4.42,34.83,16.74,676.13,Leeds,33.81
dairy_waste,29.1,1.72,77.53,4.93,25.5,40.26,593.26,Manchester,58.36
fruit_waste,27.35,1.46,45.48,7.49,38.08,17.0,614.8,London,53.93
fruit_waste,7.97,1.72,83.48,5.56,41.41,94.3,275.59,Glasgow,47.55
vegetable_waste,26.15,2.53,49.53,7.18,20.69,85.1,147.27,Manchester,50.08
dairy_waste,28.21,2.11,53.24,6.89,27.21,84.25,131.4,Glasgow,62.49
dairy_waste,33.14,1.19,45.44,5.07,38.05,29.58,248.47,Birmingham,53.33
vegetable_waste,14.94,1.77,69.98,7.29,31.72,90.21,951.93,Glasgow,47.18
brewery_waste,28.33,3.82,85.18,6.02,31.67,46.93,851.87,Leeds,79.85
mixed_agri_waste,22.58,4.89,68.95,8.07,21.83,28.05,446.35,London,54.04
fruit_waste,29.49,4.95,62.5,4.21,37.63,62.77,206.56,London,79.88
mixed_agri_waste,19.99,1.87,88.82,6.99,28.98,35.56,733.79,Manchester,47.19
dairy_waste,10.15,2.88,58.05,6.83,22.59,67.02,290.46,Birmingham,54.43
vegetable_waste,19.26,4.06,51.01,5.4,33.55,70.04,410.11,Glasgow,55.63
vegetable_waste,26.11,3.4,61.83,8.28,20.49,37.51,921.86,Glasgow,44.3
brewery_waste,29.71,0.96,87.44,7.58,23.99,71.81,391.11,Manchester,57.06
brewery_waste,33.88,1.07,63.93,6.16,28.28,42.51,61.75,Birmingham,67.76
brewery_waste,29.48,4.11,66.89,5.34,34.04,36.2,243.65,Leeds,85.0
brewery_waste,6.21,0.93,45.31,4.69,21.52,95.65,295.92,Birmingham,40.27
mixed_agri_waste,20.6,2.14,84.3,5.78,27.37,29.41,384.02,Glasgow,47.38
mixed_agri_waste,25.67,3.05,75.76,4.01,40.48,21.32,412.19,Glasgow,47.32
fruit_waste,14.16,1.21,52.83,7.42,20.35,58.86,385.67,Leeds,47.6
dairy_waste,21.88,1.91,58.28,7.3,39.17,28.18,106.64,Manchester,49.1
brewery_waste,15.79,1.07,71.52,6.36,24.47,49.96,798.98,Leeds,57.99
mixed_agri_waste,26.08,4.07,73.31,4.69,35.62,68.9,34.18,Glasgow,57.72
mixed_agri_waste,11.48,3.16,86.09,7.59,40.27,94.19,20.56,Birmingham,46.11
dairy_waste,17.39,4.37,56.33,8.41,33.5,78.66,94.74,London,65.48
dairy_waste,5.42,3.46,61.43,6.75,35.31,40.77,116.88,Birmingham,51.62
mixed_agri_waste,31.57,3.42,52.36,4.15,23.1,63.14,187.5,Manchester,58.65
brewery_waste,8.83,4.56,75.25,8.04,29.84,48.7,786.69,Birmingham,68.31
mixed_agri_waste,28.14,4.29,72.8,6.9,20.62,81.6,790.39,Glasgow,67.58
mixed_agri_waste,22.59,3.94,89.69,7.41,37.46,63.78,986.06,London,54.89
vegetable_waste,30.81,4.76,86.84,5.72,21.73,26.44,68.63,Glasgow,61.26
mixed_agri_waste,29.76,1.07,85.64,7.89,30.22,74.53,623.25,Glasgow,44.78
mixed_agri_waste,21.99,2.29,57.81,4.76,27.38,63.07,580.03,Glasgow,52.62
vegetable_waste,18.09,4.83,82.54,6.2,36.78,82.0,354.55,London,64.36
fruit_waste,19.11,2.88,89.99,7.79,27.96,12.87,629.91,Glasgow,55.53
fruit_waste,30.89,2.52,47.83,6.14,35.16,63.05,542.76,London,73.9
vegetable_waste,10.12,1.52,70.9,5.91,31.33,26.34,666.28,Manchester,40.95
dairy_waste,26.09,1.81,66.17,8.3,36.87,93.44,748.79,London,58.96
brewery_waste,6.94,3.1,61.1,5.24,37.76,42.83,323.83,Leeds,57.45
mixed_agri_waste,30.52,2.41,47.99,4.01,31.51,40.9,997.16,London,52.81
brewery_waste,9.01,0.72,79.89,6.57,36.74,24.59,576.11,Birmingham,43.25
brewery_waste,14.28,1.03,89.36,5.39,22.87,28.72,591.83,Manchester,43.09
fruit_waste,12.4,2.53,46.0,6.88,29.11,34.68,214.77,London,49.66
mixed_agri_waste,25.67,3.04,83.64,4.53,37.28,68.58,123.86,London,60.78
brewery_waste,33.35,1.14,73.93,5.72,41.05,39.72,962.56,Glasgow,63.42
brewery_waste,12.58,2.47,68.41,5.33,20.34,30.49,289.12,Glasgow,54.77
dairy_waste,10.13,4.43,76.72,4.38,34.3,66.91,956.66,London,63.19
mixed_agri_waste,11.95,1.32,81.46,4.61,30.31,90.84,193.97,Leeds,46.58
dairy_waste,34.83,3.0,52.66,5.42,29.34,37.98,287.83,Manchester,69.61
mixed_agri_waste,10.57,3.43,77.07,7.1,27.02,33.19,956.36,Leeds,49.5
vegetable_waste,18.72,4.31,65.35,5.91,23.45,47.82,542.04,Birmingham,56.12
dairy_waste,25.4,3.36,85.93,4.08,32.26,78.14,545.92,Glasgow,63.16
dairy_waste,13.56,4.8,78.03,6.98,37.97,22.72,860.74,Glasgow,55.93
dairy_waste,8.47,4.86,88.18,5.61,21.45,26.03,992.9,London,58.16
vegetable_waste,28.16,4.23,52.67,8.04,34.44,86.08,490.43,London,63.54
mixed_agri_waste,18.44,1.73,62.69,5.74,26.31,34.56,862.45,Glasgow,47.1
mixed_agri_waste,14.86,3.47,58.23,4.97,23.49,38.27,114.86,Birmingham,49.5
fruit_waste,21.14,1.89,51.53,7.32,33.23,67.06,18.58,Glasgow,57.17
brewery_waste,6.99,2.15,63.12,4.01,30.94,75.24,825.04,Glasgow,53.77
brewery_waste,19.64,1.2,61.63,5.48,29.32,60.02,903.85,Leeds,63.34
dairy_waste,7.93,0.57,52.25,8.48,23.96,54.21,849.93,Manchester,32.15
mixed_agri_waste,30.87,1.78,75.9,7.03,24.87,14.92,415.16,Leeds,49.3
brewery_waste,21.67,4.76,67.72,7.99,27.88,43.81,423.95,Birmingham,81.51
fruit_waste,14.18,4.67,71.49,5.83,34.33,76.51,961.12,Manchester,79.82
dairy_waste,16.14,2.52,69.17,4.92,23.43,85.96,439.39,Manchester,54.28
dairy_waste,21.63,3.01,76.82,4.8,25.55,80.1,947.7,Birmingham,60.55
vegetable_waste,21.38,0.65,52.67,6.25,33.07,24.47,404.85,London,47.73
brewery_waste,24.46,1.89,72.28,6.36,20.54,78.42,21.78,London,64.37
dairy_waste,5.18,2.19,47.84,8.11,29.14,50.6,356.35,Manchester,45.53
fruit_waste,20.13,3.85,67.64,4.31,35.92,79.7,296.6,London,68.89
vegetable_waste,27.28,4.31,47.87,4.14,25.69,87.66,825.42,Glasgow,61.23
dairy_waste,33.28,4.24,73.05,7.0,24.7,67.21,430.43,Leeds,77.97
brewery_waste,12.56,2.54,62.36,8.42,28.6,18.72,98.93,Manchester,56.34
vegetable_waste,20.5,2.77,51.73,4.47,22.72,20.49,613.61,Glasgow,46.18
mixed_agri_waste,10.21,4.81,83.46,5.04,27.21,29.63,496.96,Leeds,55.87
vegetable_waste,29.12,4.06,50.72,5.79,23.74,33.4,270.61,Birmingham,57.53
dairy_waste,15.17,1.0,57.54,7.47,27.73,80.21,326.33,Glasgow,47.23
mixed_agri_waste,26.97,0.89,75.07,8.03,21.27,23.81,719.47,Manchester,36.09
dairy_waste,17.11,1.12,67.8,4.57,30.49,76.14,265.68,London,51.69
dairy_waste,20.66,1.2,75.0,6.72,21.92,15.07,624.09,Glasgow,45.59
fruit_waste,7.59,3.92,59.13,6.07,25.21,64.69,308.47,London,61.0
mixed_agri_waste,16.74,1.68,60.44,5.85,35.85,54.97,944.13,Glasgow,45.52
mixed_agri_waste,28.95,4.03,60.85,5.35,32.32,12.7,91.84,Glasgow,61.52
vegetable_waste,34.77,3.44,47.76,6.37,30.93,24.11,921.07,Manchester,60.13
mixed_agri_waste,23.24,0.97,65.44,5.07,38.38,77.85,825.94,Birmingham,50.34
brewery_waste,24.47,2.08,86.27,4.6,34.77,12.37,925.4,London,59.28
brewery_waste,7.85,2.0,61.81,4.96,32.87,49.2,43.83,Birmingham,57.34
vegetable_waste,17.87,2.3,53.31,5.78,23.84,83.3,305.21,London,47.12
dairy_waste,20.09,0.73,87.4,6.37,27.15,25.28,345.14,Leeds,46.63
brewery_waste,23.86,2.99,89.39,7.3,37.09,85.29,223.48,Glasgow,71.05
fruit_waste,34.24,3.22,78.07,4.5,38.97,82.49,656.46,Leeds,76.63
vegetable_waste,8.7,4.91,62.72,5.02,23.77,68.08,613.35,Leeds,52.57
dairy_waste,25.6,2.15,79.01,8.34,22.52,38.41,812.02,Glasgow,47.12
mixed_agri_waste,12.37,3.1,57.35,7.71,20.12,59.44,345.81,Glasgow,42.47
dairy_waste,24.35,4.33,72.41,7.84,25.82,55.64,456.03,Manchester,66.34
mixed_agri_waste,22.76,3.81,70.71,4.3,22.56,62.1,282.23,Leeds,54.49
mixed_agri_waste,10.05,3.62,74.04,7.09,28.2,34.04,762.12,London,49.89
dairy_waste,26.06,4.26,75.97,6.31,30.09,65.95,683.01,London,80.23
dairy_waste,13.88,2.82,52.44,8.4,22.37,90.28,914.44,London,54.86
fruit_waste,21.78,2.89,63.1,4.73,22.6,75.9,928.23,Manchester,61.09
fruit_waste,24.78,4.62,49.06,7.47,33.57,62.29,299.62,Leeds,76.41
dairy_waste,14.17,2.83,62.19,6.54,22.52,95.75,431.3,London,59.95
vegetable_waste,26.31,2.14,82.5,6.04,35.83,21.03,847.66,London,47.84
mixed_agri_waste,12.7,2.55,46.35,5.79,32.57,92.06,521.57,Manchester,55.3
vegetable_waste,6.22,1.92,70.9,8.28,38.9,31.18,227.91,Birmingham,34.83
dairy_waste,13.28,4.69,61.41,7.86,25.86,55.22,115.82,Manchester,61.95
brewery_waste,28.53,3.93,77.52,4.92,27.44,51.47,337.49,Manchester,74.87
mixed_agri_waste,16.97,4.91,55.16,6.75,29.53,17.97,493.0,Leeds,62.64
mixed_agri_waste,18.53,4.6,81.64,6.34,36.97,55.91,166.51,Leeds,62.15
vegetable_waste,28.99,2.45,67.19,5.2,35.5,79.43,246.52,Leeds,56.38
fruit_waste,19.27,3.21,89.37,8.22,38.97,86.69,473.17,Birmingham,61.56
fruit_waste,26.58,3.13,76.02,8.23,25.5,56.95,692.71,Glasgow,63.31
dairy_waste,28.3,2.99,74.74,5.45,30.59,63.86,410.86,Manchester,73.82
brewery_waste,6.89,4.25,80.3,4.83,33.96,80.74,644.45,Leeds,68.88
dairy_waste,24.68,1.45,59.32,5.08,32.25,21.09,933.98,Birmingham,49.36
brewery_waste,13.31,2.91,60.68,4.59,25.85,48.83,39.99,Glasgow,55.95
brewery_waste,13.22,1.4,55.43,7.59,32.39,12.48,435.03,Leeds,46.09
fruit_waste,18.78,4.96,55.21,5.4,41.65,81.87,475.1,Manchester,70.58
dairy_waste,29.29,4.27,49.2,7.32,41.12,69.0,574.86,Manchester,67.74
brewery_waste,7.28,2.76,75.91,7.56,32.83,88.35,942.57,Leeds,64.54
mixed_agri_waste,23.94,3.18,59.32,6.03,25.43,78.35,638.19,Birmingham,53.7
mixed_agri_waste,31.98,4.67,63.12,8.01,28.45,73.89,481.18,London,70.16
brewery_waste,32.84,2.54,78.05,5.65,20.42,20.44,501.26,London,63.59
mixed_agri_waste,20.4,1.13,55.66,6.02,24.16,34.56,539.04,Birmingham,47.81
brewery_waste,24.01,1.62,58.69,7.47,27.2,32.34,177.37,London,56.66
mixed_agri_waste,25.62,3.35,81.48,4.2,26.52,35.53,154.56,Birmingham,53.62
vegetable_waste,25.32,3.91,55.12,4.34,37.83,94.03,648.23,Manchester,56.89
mixed_agri_waste,33.04,4.28,73.97,6.74,30.28,64.62,797.26,Leeds,74.45
mixed_agri_waste,22.21,2.5,75.08,6.83,20.39,57.46,97.6,Manchester,48.67
mixed_agri_waste,19.81,4.46,62.88,5.21,27.65,71.87,559.46,Manchester,58.74
vegetable_waste,23.07,2.72,80.36,8.26,27.83,32.99,620.06,London,47.18
brewery_waste,7.23,4.9,82.96,4.8,39.9,40.62,383.34,Birmingham,63.09
fruit_waste,20.9,1.12,61.61,7.25,23.83,61.58,698.32,Birmingham,55.22
brewery_waste,19.16,2.22,56.3,6.72,39.36,39.27,402.27,Leeds,56.85
brewery_waste,15.43,4.44,54.07,4.35,37.34,82.18,171.03,Birmingham,71.91
brewery_waste,21.4,3.69,47.25,4.31,37.66,79.96,252.85,Birmingham,71.25
vegetable_waste,28.42,1.36,47.25,7.93,21.66,32.72,698.37,London,42.68
dairy_waste,10.35,4.94,77.18,6.77,21.03,85.85,814.63,Leeds,63.78
mixed_agri_waste,15.17,0.82,71.1,7.24,22.07,65.24,293.5,Manchester,41.18
dairy_waste,25.61,1.82,70.2,5.35,23.68,46.2,239.95,Birmingham,60.24
mixed_agri_waste,10.96,2.79,52.08,7.02,36.59,21.27,473.12,London,44.7
mixed_agri_waste,11.39,3.27,61.89,8.43,20.67,95.88,627.39,Glasgow,43.82
vegetable_waste,29.86,4.2,53.5,7.16,26.39,36.99,303.38,London,55.88
vegetable_waste,5.43,3.21,70.32,4.61,23.32,78.58,888.69,London,46.05
brewery_waste,7.18,3.53,82.13,5.37,41.78,18.37,665.17,London,47.95
vegetable_waste,12.76,3.72,77.47,5.27,38.38,38.61,727.84,London,42.76
fruit_waste,32.55,4.17,89.05,7.96,26.16,20.9,121.12,London,69.55
mixed_agri_waste,8.19,0.87,45.12,5.95,31.07,65.56,303.1,Birmingham,36.81
mixed_agri_waste,10.38,3.41,65.89,6.23,29.41,92.31,222.59,Glasgow,63.65
dairy_waste,16.34,2.59,48.98,6.74,26.34,25.47,549.09,Leeds,51.69
mixed_agri_waste,25.95,3.31,53.51,6.11,35.85,56.47,401.53,Manchester,64.19
brewery_waste,15.9,2.59,89.05,4.78,27.86,73.27,964.3,Glasgow,56.73
dairy_waste,11.82,1.52,45.94,6.72,34.76,62.61,80.61,Glasgow,51.46
vegetable_waste,8.22,1.16,46.5,6.12,41.0,21.72,946.8,London,31.0
vegetable_waste,24.12,3.4,82.2,4.48,31.1,70.56,590.95,Manchester,56.8
brewery_waste,5.32,2.48,82.95,6.2,26.85,85.23,164.32,London,66.98
fruit_waste,16.4,2.02,77.31,7.34,21.12,30.57,281.52,London,44.35
mixed_agri_waste,33.31,4.12,53.13,5.83,27.82,78.44,515.11,Glasgow,70.37
vegetable_waste,26.24,1.19,86.16,4.29,21.21,27.74,910.37,Leeds,41.81
vegetable_waste,15.75,4.23,46.02,5.1,23.36,84.17,472.87,Glasgow,53.1
mixed_agri_waste,18.48,4.87,83.26,7.18,26.39,25.87,922.22,London,52.77
brewery_waste,27.25,2.24,59.86,6.68,39.19,16.0,391.62,Leeds,61.93
brewery_waste,25.65,1.83,86.1,5.24,37.62,89.13,606.97,Glasgow,68.63
fruit_waste,7.8,2.79,52.3,5.87,38.33,94.92,324.78,Manchester,58.78
mixed_agri_waste,9.86,1.62,55.12,6.34,32.38,91.38,203.61,Leeds,52.9
mixed_agri_waste,12.65,1.68,46.77,5.37,36.38,15.99,227.1,Leeds,40.56
dairy_waste,22.33,2.82,75.86,6.92,29.33,47.7,149.37,Glasgow,69.45
dairy_waste,14.77,3.75,48.36,8.11,20.45,92.84,467.73,Manchester,55.24
brewery_waste,30.07,4.85,64.74,5.77,38.62,47.86,556.5,Leeds,85.0
brewery_waste,29.27,4.01,54.68,7.22,37.6,41.07,180.88,Leeds,73.54
dairy_waste,30.95,2.75,51.34,4.98,34.25,47.43,155.33,Leeds,62.04
brewery_waste,7.21,3.33,80.69,4.6,31.41,77.44,268.03,London,63.06
mixed_agri_waste,15.1,3.0,70.89,4.59,30.07,34.54,843.6,Manchester,52.3
brewery_waste,26.8,2.8,72.99,5.78,36.9,47.72,462.89,Manchester,71.74
fruit_waste,12.96,3.6,80.66,5.38,20.79,90.35,351.73,Glasgow,60.51
dairy_waste,11.65,1.71,55.92,8.46,24.34,60.34,926.01,Birmingham,38.42
fruit_waste,24.71,3.8,60.99,7.69,20.98,75.46,274.4,London,69.54
vegetable_waste,10.56,3.57,69.0,6.31,25.65,14.93,416.17,Leeds,47.61
dairy_waste,32.18,0.69,64.42,4.24,22.1,67.34,650.64,Leeds,50.65
vegetable_waste,19.64,3.7,84.1,8.2,27.2,23.41,244.56,Glasgow,46.84
fruit_waste,18.99,1.87,64.31,5.37,25.64,61.88,25.58,London,58.86
vegetable_waste,13.8,4.45,79.42,4.1,31.04,35.07,652.16,Birmingham,46.99
mixed_agri_waste,30.89,2.64,89.75,8.41,39.41,60.29,404.03,Manchester,54.46
mixed_agri_waste,32.49,0.73,51.99,7.55,27.89,21.94,996.49,Manchester,42.43
vegetable_waste,29.7,3.56,80.55,7.67,21.86,64.33,16.72,London,60.24
mixed_agri_waste,21.82,1.99,51.97,7.82,31.48,90.4,807.96,Manchester,53.04
fruit_waste,17.83,1.39,85.99,4.79,26.29,55.41,270.73,Glasgow,50.45
mixed_agri_waste,17.55,4.0,78.05,6.59,38.09,59.26,964.75,Leeds,54.92
brewery_waste,31.74,4.12,53.28,5.33,35.78,19.08,813.74,Glasgow,80.23
mixed_agri_waste,22.2,1.49,83.8,7.34,29.11,51.78,417.14,Manchester,50.67
vegetable_waste,15.31,4.84,85.96,6.84,32.76,43.09,28.16,Leeds,58.89
fruit_waste,33.15,1.05,54.54,4.13,29.55,35.34,871.21,Manchester,52.77
fruit_waste,24.11,1.55,71.05,6.91,35.11,77.22,318.23,Glasgow,63.78
vegetable_waste,14.11,0.99,66.28,7.05,39.24,74.93,939.2,London,41.31
mixed_agri_waste,7.37,0.91,64.23,4.61,40.1,51.5,573.46,London,33.97
vegetable_waste,28.91,2.49,59.33,7.25,37.64,78.5,977.9,London,57.34
vegetable_waste,28.1,4.36,45.01,5.63,36.23,62.38,185.8,Leeds,58.47
vegetable_waste,29.95,4.7,78.75,7.79,30.34,44.74,398.78,Birmingham,58.6
brewery_waste,22.38,3.49,64.75,8.29,33.38,30.48,484.42,London,63.49
fruit_waste,14.75,2.62,81.84,4.56,38.87,87.39,947.24,Birmingham,59.54
mixed_agri_waste,11.51,2.18,59.98,4.79,33.36,52.04,867.04,Glasgow,45.8
dairy_waste,27.78,4.49,77.81,8.18,27.32,54.27,23.94,London,67.03
mixed_agri_waste,33.98,3.22,78.72,8.21,33.02,13.01,43.95,Glasgow,53.93
dairy_waste,11.07,1.72,67.71,8.39,33.56,90.64,959.79,Birmingham,52.17
brewery_waste,14.34,3.96,84.0,6.34,41.85,12.97,306.6,Birmingham,61.46
mixed_agri_waste,5.76,3.39,85.17,7.98,35.39,51.12,516.91,Birmingham,51.58
dairy_waste,15.23,1.34,81.95,8.12,31.81,73.13,130.25,Manchester,53.67
mixed_agri_waste,12.3,4.45,78.43,8.05,38.0,95.19,200.25,Glasgow,58.25
dairy_waste,13.22,1.41,64.9,4.26,41.53,61.43,561.38,Birmingham,42.12
fruit_waste,6.89,0.99,74.26,5.41,27.66,52.89,978.79,Manchester,51.18
dairy_waste,17.49,1.69,58.62,5.21,31.71,62.98,493.89,Leeds,50.39
dairy_waste,21.25,3.54,73.5,6.08,32.23,35.93,34.0,London,65.97
fruit_waste,10.15,0.96,72.57,4.42,36.59,13.72,256.88,Manchester,39.56
mixed_agri_waste,30.4,3.2,75.68,8.47,25.11,64.41,465.72,Manchester,58.19
dairy_waste,5.43,1.04,74.21,6.55,32.18,14.68,474.61,London,41.6
mixed_agri_waste,28.39,4.03,68.37,7.86,28.61,86.65,247.82,London,67.74
dairy_waste,17.51,1.53,55.43,8.06,38.35,58.5,619.95,London,38.84
brewery_waste,17.55,2.05,67.42,6.06,31.42,23.75,518.01,Leeds,62.16
brewery_waste,21.26,3.6,66.12,5.98,29.82,46.52,543.2,Glasgow,77.69
dairy_waste,30.47,4.44,52.68,4.61,33.87,37.3,28.39,Birmingham,68.3
dairy_waste,32.88,3.73,79.32,4.91,25.15,55.79,180.38,Glasgow,65.13
mixed_agri_waste,11.16,4.05,52.52,4.13,33.85,93.98,337.9,London,50.15
vegetable_waste,34.29,3.65,67.6,4.75,35.52,36.49,290.12,Glasgow,61.15
mixed_agri_waste,19.19,3.52,72.33,5.87,28.35,44.15,593.24,Glasgow,57.35
brewery_waste,28.99,3.11,79.79,5.5,38.29,35.06,550.64,Birmingham,71.42
dairy_waste,13.0,4.85,52.2,7.54,41.65,13.67,702.04,Birmingham,49.96
fruit_waste,28.79,4.65,74.98,5.06,39.68,27.48,220.93,Glasgow,68.43
fruit_waste,33.27,4.2,46.89,6.12,28.75,38.05,456.82,Glasgow,73.84
dairy_waste,17.97,4.91,48.99,8.15,30.57,64.39,831.88,Birmingham,62.38
vegetable_waste,16.24,4.66,82.3,4.49,22.38,47.94,107.67,Manchester,44.76
brewery_waste,14.5,3.55,66.78,8.4,39.23,42.16,55.03,Birmingham,58.69
vegetable_waste,26.4,0.52,47.09,4.02,34.2,47.06,304.57,Manchester,39.58
fruit_waste,10.78,2.25,87.31,5.92,32.2,18.75,792.26,Glasgow,56.56
fruit_waste,34.22,0.77,81.56,5.35,32.12,36.37,617.31,Manchester,59.32
mixed_agri_waste,6.14,1.16,86.27,8.49,37.17,36.09,408.42,Manchester,34.48
fruit_waste,31.2,1.52,45.36,6.21,31.69,28.91,291.83,Manchester,62.2
fruit_waste,14.52,3.3,74.37,7.46,23.45,74.29,603.43,London,54.86
vegetable_waste,15.39,2.02,81.36,4.56,41.35,58.61,191.09,Leeds,37.06
dairy_waste,22.75,3.35,47.39,5.09,37.5,16.17,856.54,Birmingham,53.39
brewery_waste,5.58,4.21,51.42,5.39,32.52,32.66,502.17,Glasgow,69.38
mixed_agri_waste,19.12,4.77,83.14,5.5,28.8,47.56,629.92,Manchester,57.42
fruit_waste,16.86,4.18,70.55,4.19,23.89,84.66,567.27,Manchester,69.51
mixed_agri_waste,7.17,1.83,53.71,6.49,28.42,25.21,646.32,Glasgow,35.46
brewery_waste,27.37,1.42,58.18,5.56,36.43,83.14,382.62,London,69.05
dairy_waste,31.68,5.0,75.17,8.45,34.52,73.61,394.77,London,72.07
mixed_agri_waste,27.79,4.34,88.78,5.2,35.75,45.12,680.31,Manchester,61.88
fruit_waste,5.03,3.2,57.78,7.96,27.2,36.34,276.82,Leeds,48.76
mixed_agri_waste,17.74,2.57,45.92,4.08,31.44,70.47,942.72,Leeds,45.52
fruit_waste,20.72,3.07,83.39,7.63,22.91,71.97,441.08,Birmingham,59.18
brewery_waste,27.04,3.86,56.36,5.87,21.81,62.95,112.69,London,76.16
vegetable_waste,23.83,1.95,56.09,4.04,25.18,23.57,616.04,London,40.79
mixed_agri_waste,28.69,1.47,47.97,6.39,21.37,76.39,722.02,Birmingham,47.96
mixed_agri_waste,21.68,1.97,64.91,6.91,30.87,64.1,548.76,Leeds,57.07
brewery_waste,17.97,2.36,79.39,6.62,21.56,86.94,40.48,London,67.76
mixed_agri_waste,27.76,4.79,47.44,6.69,29.41,39.77,99.42,London,63.16
dairy_waste,6.99,1.27,59.0,5.44,34.49,64.34,499.64,Birmingham,53.84
brewery_waste,16.46,2.95,66.06,4.57,34.29,18.14,384.41,Glasgow,54.33
brewery_waste,33.23,2.85,89.88,6.36,31.97,44.91,316.94,Manchester,81.62
vegetable_waste,30.36,1.84,60.94,8.08,39.82,94.02,902.82,Manchester,50.61
fruit_waste,34.72,2.63,69.92,6.38,27.08,18.3,896.69,London,69.0
dairy_waste,23.78,2.34,56.43,7.87,35.4,58.01,613.47,London,56.12
mixed_agri_waste,11.25,3.48,86.01,5.82,24.57,66.49,872.48,Manchester,49.38
mixed_agri_waste,9.2,2.07,62.53,6.3,40.44,85.44,143.18,Birmingham,46.51
vegetable_waste,33.87,3.44,82.72,6.36,24.58,56.07,559.53,London,58.06
mixed_agri_waste,25.47,4.31,76.21,8.19,35.78,76.23,176.22,Glasgow,60.92
fruit_waste,11.43,0.83,85.12,7.81,41.84,69.07,937.32,Manchester,32.59
brewery_waste,30.33,3.06,62.21,8.21,29.51,57.26,451.65,Manchester,69.08
vegetable_waste,31.46,2.5,71.5,4.63,20.07,32.6,707.54,Leeds,56.01
fruit_waste,26.83,0.83,55.02,7.37,29.62,71.24,571.81,Birmingham,57.15
fruit_waste,15.59,1.14,86.61,4.47,28.53,30.99,848.25,Birmingham,45.4
dairy_waste,7.05,4.8,53.69,7.97,37.81,93.3,483.11,London,56.82
vegetable_waste,18.29,1.25,89.19,4.43,32.96,64.62,542.7,London,46.14
fruit_waste,21.65,1.79,87.31,7.43,41.4,15.15,292.28,Manchester,49.69
fruit_waste,20.27,4.5,76.22,5.78,28.19,50.28,185.27,Manchester,69.13
dairy_waste,5.75,3.22,51.54,7.59,38.84,52.5,785.39,Leeds,47.38
mixed_agri_waste,28.31,1.53,68.7,6.03,32.75,85.68,869.07,Birmingham,57.16
fruit_waste,5.46,2.42,72.28,6.51,34.33,24.94,650.07,Glasgow,53.18
mixed_agri_waste,26.3,0.72,63.35,7.17,24.99,78.8,634.47,Glasgow,46.36
fruit_waste,15.61,2.67,71.88,6.13,35.36,48.43,210.25,Glasgow,65.29
mixed_agri_waste,11.07,4.82,67.61,8.13,35.55,72.68,94.19,London,54.7
fruit_waste,31.92,4.38,67.91,5.95,28.29,71.41,674.95,London,84.74
dairy_waste,7.91,2.08,82.68,4.3,40.73,94.85,97.68,Glasgow,41.46
dairy_waste,16.17,3.99,71.82,6.9,36.67,21.91,834.88,Birmingham,62.36
brewery_waste,26.67,3.75,74.99,4.61,28.98,20.97,818.45,Glasgow,76.38
vegetable_waste,5.77,4.66,83.33,6.36,25.04,22.22,369.76,Leeds,48.97
fruit_waste,28.16,0.67,63.08,7.6,31.5,58.2,106.19,Glasgow,51.73
vegetable_waste,33.13,0.74,67.54,5.69,33.77,78.66,287.78,Manchester,59.69
dairy_waste,23.18,4.77,60.28,4.49,31.14,19.21,969.83,Birmingham,67.13
brewery_waste,27.61,2.86,61.59,4.3,33.69,61.16,288.07,Manchester,70.1
brewery_waste,21.31,0.95,86.95,5.69,21.78,44.53,604.2,Glasgow,54.23
brewery_waste,27.68,3.4,55.55,7.29,25.65,26.72,693.76,London,68.92
dairy_waste,14.08,2.73,50.94,8.3,37.61,68.11,542.81,Leeds,53.46
dairy_waste,19.84,1.85,52.22,6.91,40.45,24.9,188.22,London,51.91
fruit_waste,23.6,2.91,47.71,4.37,34.15,51.07,971.27,Manchester,58.93
vegetable_waste,19.43,2.37,49.8,8.15,37.71,31.33,263.42,London,36.17
mixed_agri_waste,32.13,1.39,46.16,4.09,33.69,67.58,317.93,Manchester,55.89
vegetable_waste,15.18,3.56,47.62,8.18,24.9,95.97,179.81,Birmingham,45.89
dairy_waste,31.25,4.36,63.16,7.16,32.26,83.65,321.91,Leeds,81.06
brewery_waste,19.56,2.09,85.12,4.75,23.29,60.46,660.92,Glasgow,55.76
brewery_waste,9.76,4.65,45.12,8.02,39.44,38.62,707.24,Birmingham,56.16
dairy_waste,21.83,1.85,63.01,7.1,39.93,22.98,575.65,Leeds,52.32
brewery_waste,25.67,1.29,71.84,7.76,36.61,75.25,522.67,Birmingham,61.02
brewery_waste,32.53,2.96,67.77,5.0,31.99,23.81,870.99,Birmingham,74.7
vegetable_waste,12.61,4.44,86.58,7.02,40.49,45.42,953.49,Leeds,49.42
vegetable_waste,32.21,2.68,65.71,6.55,23.29,51.41,832.82,London,59.0
dairy_waste,32.72,3.99,70.85,7.13,40.33,71.84,374.69,London,74.85
fruit_waste,6.21,2.24,63.28,4.75,20.51,23.2,658.08,Leeds,43.46
mixed_agri_waste,26.53,3.9,49.0,7.88,37.89,14.81,100.17,Manchester,48.17
fruit_waste,15.04,2.79,68.96,5.2,40.06,42.93,55.09,Glasgow,56.38
dairy_waste,13.22,1.09,81.86,8.48,27.25,44.06,621.86,Birmingham,33.78
dairy_waste,32.15,3.02,65.27,6.91,40.96,78.74,49.61,Glasgow,67.33
brewery_waste,22.66,0.55,47.69,8.47,21.58,15.87,359.49,London,33.33
brewery_waste,28.68,2.9,58.15,6.95,34.12,29.6,40.09,Glasgow,77.53
mixed_agri_waste,17.1,4.71,87.75,4.52,41.04,42.93,649.79,London,47.8
brewery_waste,31.67,3.39,73.96,8.06,31.18,46.48,867.47,Glasgow,75.84
mixed_agri_waste,12.68,3.47,61.4,7.54,22.67,21.78,212.41,Manchester,46.98
mixed_agri_waste,19.08,2.06,83.81,7.84,20.49,63.2,374.15,Leeds,47.14
mixed_agri_waste,27.71,0.71,88.16,4.32,32.75,87.78,21.79,Birmingham,48.02
vegetable_waste,11.26,2.69,48.87,7.79,35.8,91.27,696.53,Leeds,45.57
brewery_waste,10.24,1.96,53.97,6.85,32.52,44.14,332.57,Glasgow,58.69
brewery_waste,13.5,3.38,72.34,4.69,24.55,64.22,136.95,Manchester,65.43
brewery_waste,19.64,4.74,55.22,5.75,33.34,75.45,902.64,Glasgow,81.45
brewery_waste,8.6,4.6,89.91,4.81,20.85,35.1,836.51,Leeds,57.66
mixed_agri_waste,17.88,2.49,47.95,5.81,36.83,88.87,419.36,Manchester,53.4
vegetable_waste,30.26,0.55,73.64,5.77,26.56,67.24,836.32,Glasgow,47.85
mixed_agri_waste,21.31,3.52,45.87,6.26,32.94,40.84,671.68,Birmingham,58.99
mixed_agri_waste,14.52,4.83,60.66,5.56,33.1,93.56,983.25,Glasgow,65.71
fruit_waste,31.87,1.74,57.29,5.36,33.47,48.82,729.47,Birmingham,66.99
dairy_waste,14.72,3.36,84.67,6.4,36.7,76.1,667.71,Birmingham,63.96
mixed_agri_waste,23.13,4.18,79.26,5.18,25.4,93.13,18.15,Birmingham,61.68
vegetable_waste,33.42,2.04,64.82,7.18,32.93,38.71,558.29,Manchester,54.94
fruit_waste,17.3,2.06,50.24,4.18,35.94,66.19,289.54,Leeds,50.84
fruit_waste,33.35,4.94,66.3,7.61,36.21,36.97,67.98,Manchester,78.46
brewery_waste,24.93,1.09,73.8,7.47,38.93,13.11,687.63,Leeds,52.53
fruit_waste,26.21,3.36,51.68,7.45,21.5,81.42,269.31,Leeds,66.36
fruit_waste,20.09,2.58,52.09,6.66,36.35,89.02,852.29,Leeds,65.07
dairy_waste,29.02,2.72,50.19,5.97,38.53,62.12,727.21,London,69.5
dairy_waste,8.82,4.02,88.56,5.44,20.82,42.31,27.29,London,48.76
brewery_waste,12.32,3.78,63.89,8.42,27.69,89.43,933.63,Birmingham,68.13
vegetable_waste,32.53,2.53,78.49,6.1,25.01,28.75,431.18,London,53.12
fruit_waste,23.15,3.6,57.7,6.17,20.98,80.67,989.99,Manchester,68.89
dairy_waste,24.58,3.25,80.45,5.14,36.8,69.79,329.59,Manchester,64.34
mixed_agri_waste,34.12,2.41,82.57,4.24,38.65,64.88,493.82,Leeds,58.15
fruit_waste,17.48,1.87,86.65,5.69,36.67,56.54,707.04,Leeds,53.51
vegetable_waste,33.26,2.89,82.41,5.64,22.2,68.59,17.68,Leeds,53.14
dairy_waste,34.38,2.59,81.79,6.29,30.91,90.16,891.07,Leeds,74.05
mixed_agri_waste,8.51,1.85,88.19,6.85,32.19,71.25,423.3,Birmingham,44.63
vegetable_waste,13.02,1.75,68.51,5.94,34.26,42.6,238.25,Glasgow,49.74
dairy_waste,21.83,1.14,70.05,5.44,28.63,35.46,932.1,Manchester,48.58
vegetable_waste,6.76,1.47,89.94,5.95,35.47,27.34,613.77,Birmingham,39.49
dairy_waste,29.87,3.22,62.51,6.51,32.69,25.9,408.71,Glasgow,65.09
mixed_agri_waste,19.48,4.73,58.22,5.87,37.31,57.87,551.56,London,58.17
mixed_agri_waste,16.96,1.72,89.97,5.39,39.46,68.8,347.51,Birmingham,49.22
fruit_waste,15.19,2.01,46.89,6.69,38.81,44.05,742.64,Manchester,51.66
dairy_waste,16.27,1.13,76.92,7.85,35.09,13.5,224.07,Birmingham,42.56
vegetable_waste,30.15,3.0,76.05,8.37,21.84,87.7,134.84,Birmingham,51.08
brewery_waste,32.19,2.78,71.73,7.19,38.32,22.21,811.97,Manchester,62.2
vegetable_waste,20.28,4.75,69.67,8.29,23.97,72.83,814.12,Leeds,53.17
fruit_waste,30.83,4.2,50.5,7.82,29.11,33.31,871.07,Glasgow,73.79
mixed_agri_waste,5.12,2.73,49.51,7.39,26.07,49.27,96.16,Manchester,40.31
dairy_waste,32.13,1.08,87.66,6.57,26.72,53.62,506.61,Birmingham,57.6
mixed_agri_waste,20.3,1.6,60.08,7.88,31.56,56.38,961.85,Birmingham,47.41
fruit_waste,31.18,4.09,68.17,4.59,24.73,67.12,391.19,Glasgow,71.68
brewery_waste,15.54,1.25,46.5,5.74,39.88,32.07,214.45,Leeds,53.12
fruit_waste,11.52,4.68,58.82,5.79,35.39,36.64,820.94,Birmingham,70.12
vegetable_waste,19.57,2.04,63.83,8.18,40.04,72.12,885.84,Manchester,49.73
fruit_waste,30.69,3.62,79.56,7.76,22.7,81.09,509.6,Glasgow,69.62
vegetable_waste,25.35,1.79,56.35,5.72,31.02,91.9,764.49,London,53.84
mixed_agri_waste,6.63,1.26,65.52,7.66,28.38,57.23,892.89,Manchester,38.3
dairy_waste,33.53,0.85,46.28,7.98,36.46,95.35,402.82,London,54.93
vegetable_waste,23.51,2.9,54.82,4.74,25.21,54.21,278.47,Birmingham,49.12
vegetable_waste,26.88,1.98,74.41,5.26,32.56,76.86,928.73,London,57.23
fruit_waste,18.93,4.67,85.56,4.4,22.9,53.62,115.55,Glasgow,60.27
vegetable_waste,33.48,4.99,61.89,6.7,38.84,21.87,692.67,Glasgow,63.04
brewery_waste,13.06,3.43,51.06,6.33,36.9,25.8,755.73,Leeds,64.89
brewery_waste,12.93,1.08,67.35,5.83,35.38,87.95,807.2,Manchester,58.64
mixed_agri_waste,31.37,4.25,86.81,6.06,36.91,61.7,317.4,Manchester,72.82
fruit_waste,20.24,4.15,82.76,8.09,31.2,70.32,120.68,Leeds,66.9
mixed_agri_waste,12.46,2.44,73.53,5.16,21.15,12.86,31.94,Birmingham,38.11
vegetable_waste,6.27,1.22,62.29,4.99,26.72,93.92,707.36,Glasgow,36.36
dairy_waste,7.84,3.79,78.27,6.97,25.03,47.54,847.81,Leeds,58.25
brewery_waste,18.49,3.92,48.06,7.03,41.94,77.54,297.66,Birmingham,72.03
mixed_agri_waste,22.34,2.87,52.22,7.22,35.45,93.22,307.19,London,55.96
dairy_waste,11.66,2.04,79.8,6.57,22.03,48.14,590.77,Manchester,52.51
mixed_agri_waste,13.71,2.03,87.12,4.74,20.93,50.14,803.2,Glasgow,39.74
vegetable_waste,28.35,0.92,52.77,4.06,33.06,86.49,673.96,Glasgow,46.87
brewery_waste,5.92,4.86,86.61,8.21,28.03,56.68,954.59,London,63.77
dairy_waste,28.77,3.91,85.98,4.07,37.8,90.83,791.41,Birmingham,67.11
brewery_waste,28.57,3.77,76.57,7.22,30.0,51.83,473.18,London,77.23
dairy_waste,26.0,0.53,66.21,4.53,38.69,92.51,959.17,Manchester,49.86
